Time,variable,value
0,F2.1,0.32606236441794456
1,F2.1,0.30277219553094925
2,F2.1,0.28280919362780876
3,F2.1,0.37486081351450906
4,F2.1,0.5401101070460519
5,F2.1,0.6554518958197462
6,F2.1,0.7419582374000186
7,F2.1,0.9360429781249859
8,F2.1,1.1123828282693857
9,F2.1,1.218852171752797
10,F2.1,1.3674656303650576
11,F2.1,1.4617353615743283
12,F2.1,1.662474436267007
13,F2.1,1.778925280701988
14,F2.1,1.8609953996371176
15,F2.1,2.0739340866039386
16,F2.1,2.2236566008774847
17,F2.1,2.3389983896511803
18,F2.1,2.462103568053875
19,F2.1,2.632898139891845
20,F2.1,2.7360403163913998
21,F2.1,2.861363606116666
22,F2.1,2.982250673196787
23,F2.1,3.107573962922052
24,F2.1,3.263950811163312
25,F2.1,3.3837288225821487
26,F2.1,3.5445418934685504
27,F2.1,3.656556515258389
28,F2.1,3.771898304032084
29,F2.1,3.9127483730153463
30,F2.1,4.029199217450327
31,F2.1,4.156740618498162
32,F2.1,4.282063908223426
33,F2.1,4.387424196045553
34,F2.1,4.495002595190249
35,F2.1,4.630307385867082
36,F2.1,4.733449562366637
37,F2.1,4.849900406801617
38,F2.1,4.9563697502850275
39,F2.1,5.070602483397439
40,F2.1,5.141582045719711
41,F2.1,5.215888775025843
42,F2.1,5.289086448670687
43,F2.1,5.3711565676058175
44,F2.1,5.467644410137659
45,F2.1,5.567459419653356
46,F2.1,5.637329926314343
47,F2.1,5.743799269797755
48,F2.1,5.824760333071597
49,F2.1,5.935665899200152
50,F2.1,6.022172240780422
51,F2.1,6.08760652479627
52,F2.1,6.1741128663765394
53,F2.1,6.261728263618098
54,F2.1,6.308308601392091
55,F2.1,6.380397219375648
56,F2.1,6.4580311156656345
57,F2.1,6.536774067616908
58,F2.1,6.581136294068329
59,F2.1,6.6554430233744615
60,F2.1,6.702023361148452
0,C5.1,0.676523953384172
1,C5.1,0.8262464676577195
2,C5.1,1.1556359990595202
3,C5.1,1.560441315428739
4,C5.1,2.107205756442504
5,C5.1,2.6262438059241315
6,C5.1,3.13530035445419
7,C5.1,3.682064795467955
8,C5.1,4.215520568546295
9,C5.1,4.70794128215707
10,C5.1,5.174853715558278
11,C5.1,5.632893703669201
12,C5.1,6.108678582360692
13,C5.1,6.642134355439032
14,C5.1,7.095738120904813
15,C5.1,7.029194781227683
16,C5.1,7.03695817085668
17,C5.1,7.448417821193614
18,C5.1,7.885385751740113
19,C5.1,8.265791843561047
20,C5.1,8.50534786639872
21,C5.1,8.748231056220254
22,C5.1,8.961169743187074
23,C5.1,9.271705328347023
24,C5.1,9.504607017216983
25,C5.1,9.633257473926104
26,C5.1,9.961537949666623
27,C5.1,10.023645066698613
28,C5.1,10.20553019514944
29,C5.1,10.371888544342266
30,C5.1,10.501648056712675
31,C5.1,10.58704534263166
32,C5.1,10.740095023889062
33,C5.1,10.837691922082188
34,C5.1,10.917543929694748
35,C5.1,10.99406877032345
36,C5.1,11.070593610952152
37,C5.1,11.172626731790416
38,C5.1,11.242497238451406
39,C5.1,11.303495299822112
40,C5.1,11.346748470612248
41,C5.1,11.404419364999097
42,C5.1,11.435472923515087
43,C5.1,11.50756154149865
44,C5.1,11.55192376795007
45,C5.1,11.605158439691776
46,C5.1,11.641757276514195
47,C5.1,11.657284055772193
48,C5.1,11.702755337884899
49,C5.1,11.74046323036861
50,C5.1,11.788152623803889
51,C5.1,11.787043568142598
52,C5.1,11.833623905916593
53,C5.1,11.844714462529447
54,C5.1,11.871331798400302
55,C5.1,11.8713317984003
56,C5.1,11.94342041638386
57,C5.1,11.958947195641857
58,C5.1,11.971146807916002
59,C5.1,11.975583030561141
60,C5.1,12.001091310770706
0,A4.1,0.0033271669838561557
1,A4.1,0.08761539724155609
2,A4.1,0.17190362749925692
3,A4.1,0.35267970028879914
4,A4.1,0.6144168363521825
5,A4.1,0.8728268054317101
6,A4.1,1.1090556612855291
7,A4.1,1.4495357493001868
8,A4.1,1.7900158373148436
9,A4.1,2.0927880328457924
10,A4.1,2.4166322859411666
11,A4.1,2.7482399286655417
12,A4.1,3.0621026808093443
13,A4.1,3.407018991469145
14,A4.1,3.709791187000094
15,A4.1,4.043616941047038
16,A4.1,4.410714364932549
17,A4.1,4.773375566172917
18,A4.1,5.160435991961566
19,A4.1,5.547496417750215
20,A4.1,5.891303672748728
21,A4.1,6.251746762666529
22,A4.1,6.612189852584324
23,A4.1,6.9925959444052594
24,A4.1,7.3674567579197685
25,A4.1,7.7090459015957125
26,A4.1,8.081688603787649
27,A4.1,8.40442380122174
28,A4.1,8.746012944897682
29,A4.1,9.075402476299486
30,A4.1,9.395919562411
31,A4.1,9.725309093812804
32,A4.1,10.064680126166174
33,A4.1,10.382979100955122
34,A4.1,10.695732797437643
35,A4.1,11.041758163758725
36,A4.1,11.365602416854102
37,A4.1,11.55414187927264
38,A4.1,11.774843955868459
39,A4.1,12.042126370238273
40,A4.1,12.311626895930658
41,A4.1,12.677615264154882
42,A4.1,13.042494576717818
43,A4.1,13.370775052458338
44,A4.1,13.635839355505578
45,A4.1,13.929739105746243
46,A4.1,14.19813057577734
47,A4.1,14.495357493001862
48,A4.1,14.775948575307101
49,A4.1,15.05653965761234
50,A4.1,15.350439407853008
51,A4.1,15.604413154287393
52,A4.1,15.93380268568919
53,A4.1,16.404042286074255
54,A4.1,16.797757045830622
55,A4.1,17.127146577232423
56,A4.1,17.374465989699093
57,A4.1,17.581859398359487
58,A4.1,17.82141542119716
59,A4.1,18.085370668583124
60,A4.1,18.349325915969075
0,B4.1,0.6188530589973245
1,B4.1,0.5822542221749023
2,B4.1,0.6454703948681773
3,B4.1,0.6809601760293154
4,B4.1,0.8550819148511426
5,B4.1,1.157854110382091
6,B4.1,1.344175461478061
7,B4.1,1.6214393767994428
8,B4.1,1.9330840176206774
9,B4.1,2.2979633301836158
10,B4.1,2.6761513106819814
11,B4.1,3.200734638470037
12,B4.1,3.725317966258091
13,B4.1,4.339734802610275
14,B4.1,4.807756291672767
15,B4.1,5.184835216509847
16,B4.1,5.882431227458445
17,B4.1,6.310526712714659
18,B4.1,6.926052604728128
19,B4.1,7.599249391128445
20,B4.1,8.444349805028018
21,B4.1,9.117546591428336
22,B4.1,9.825124103328502
23,B4.1,10.760058025792203
24,B4.1,11.487598539595508
25,B4.1,12.235102055301954
26,B4.1,13.008113851217967
27,B4.1,13.757835478246989
28,B4.1,14.448777155227871
29,B4.1,15.250624398337308
30,B4.1,15.952656631931047
31,B4.1,16.659125088169933
32,B4.1,17.319013206634814
33,B4.1,17.988882826051277
34,B4.1,18.679824503032165
35,B4.1,19.286477949755344
36,B4.1,19.976310571074947
37,B4.1,20.5774187394917
38,B4.1,21.214016689069595
39,B4.1,21.71641890363194
40,B4.1,22.34636251924212
41,B4.1,22.780003282804763
42,B4.1,23.376675228576374
43,B4.1,23.835824272348585
44,B4.1,24.333790264265794
45,B4.1,24.71974163439315
46,B4.1,25.121219783778514
47,B4.1,25.50606209824459
48,B4.1,25.86872329948496
49,B4.1,26.18480416295134
50,B4.1,26.53193858493371
51,B4.1,26.77593083041653
52,B4.1,27.04432230044762
53,B4.1,27.297186991220723
54,B4.1,27.465763451736123
55,B4.1,27.64764858018695
56,B4.1,27.80735259541206
57,B4.1,27.91382193889548
58,B4.1,27.974820000266178
59,B4.1,28.136742126813868
60,B4.1,28.156705128717007
0,OleA,0.2872454162729512
1,OleA,0.3648793125629388
2,OleA,0.4369679305464982
3,OleA,0.6277255042876106
4,OleA,0.869499638447853
5,OleA,1.1445454424466646
6,OleA,1.457299138929185
7,OleA,1.757853223137563
8,OleA,2.09611519982965
9,OleA,2.4110870076347397
10,OleA,2.7992564890846743
11,OleA,3.1275369648251914
12,OleA,3.497961555694557
13,OleA,3.879476703176781
14,OleA,4.276518629917
15,OleA,4.705723170834498
16,OleA,5.178180882542135
17,OleA,5.661729150862624
18,OleA,6.189639645634538
19,OleA,6.702023361148452
20,OleA,7.129009790743381
21,OleA,7.5992493911284456
22,OleA,8.07170710283608
23,OleA,8.533074257930862
24,OleA,9.006641025299782
25,OleA,9.453590456797848
26,OleA,9.902757999618487
27,OleA,10.323090095245705
28,OleA,10.740095023889065
29,OleA,11.173735787451704
30,OleA,11.59184977175635
31,OleA,12.005527533415853
32,OleA,12.4003513488335
33,OleA,12.766339717057726
34,OleA,13.115692250362667
35,OleA,13.512734177102885
36,OleA,13.815506372633834
37,OleA,14.181494740858057
38,OleA,14.489812214695435
39,OleA,14.816983634774665
40,OleA,15.139718832208754
41,OleA,15.423637081497851
42,OleA,15.721973054383655
43,OleA,16.02474524991461
44,OleA,16.339717057719696
45,OleA,16.597017971137937
46,OleA,16.866518496830324
47,OleA,17.128255632893705
48,OleA,17.350066765150814
49,OleA,17.616240123859342
50,OleA,17.84581464574545
51,OleA,18.06651672234127
52,OleA,18.2783463536468
53,OleA,18.511248042516762
54,OleA,18.685369781338593
55,OleA,18.870582076773275
56,OleA,19.094611320352946
57,OleA,19.26540589219092
58,OleA,19.44396385365789
59,OleA,19.624739926447432
60,OleA,19.785552997333838
0,B5.1,0.297226917224521
1,B5.1,0.24731941246667244
2,B5.1,0.20961151998296446
3,B5.1,0.2595190247408139
4,B5.1,0.3560068672726535
5,B5.1,0.47134865604634824
6,B5.1,0.5534187749814796
7,B5.1,0.6532337844971763
8,B5.1,0.7208861798355937
9,B5.1,0.7463944600451606
10,B5.1,0.7885385751740106
11,B5.1,0.9083165865928486
12,B5.1,0.872826805431711
13,B5.1,0.9027713082864208
14,B5.1,0.927170532834702
15,B5.1,1.0269855423503995
16,B5.1,0.9926048168505481
17,B5.1,1.0036953734634038
18,B5.1,1.0369670433019706
19,B5.1,1.0081315961085462
20,B5.1,1.0336398763181127
21,B5.1,1.0680206018179659
22,B5.1,1.0214402640439721
23,B5.1,1.0369670433019698
24,B5.1,1.0824383254146759
25,B5.1,1.0480575999148254
26,B5.1,1.0935288820275302
27,B5.1,1.0913107707049612
28,B5.1,1.1024013273178155
29,B5.1,1.1057284943016716
30,B5.1,1.110164716946815
31,B5.1,1.1234733848822405
32,B5.1,1.1256914962048117
33,B5.1,1.1268005518660975
34,B5.1,1.1134918839306711
35,B5.1,1.1412182754628084
36,B5.1,1.1390001641402376
37,B5.1,1.1600722217046622
38,B5.1,1.1511997764143782
39,B5.1,1.1412182754628084
40,B5.1,1.1412182754628093
41,B5.1,1.1467635537692376
42,B5.1,1.1534178877369494
43,B5.1,1.1667265556723767
44,B5.1,1.1822533349303739
45,B5.1,1.177817112285231
46,B5.1,1.1855805019142291
47,B5.1,1.1667265556723763
48,B5.1,1.1744899453013744
49,B5.1,1.1600722217046644
50,B5.1,1.1911257802206574
51,B5.1,1.168944666994947
52,B5.1,1.1933438915432273
53,B5.1,1.1833623905916593
54,B5.1,1.1889076688980875
55,B5.1,1.1833623905916575
56,B5.1,1.1999982255109414
57,B5.1,1.177817112285231
58,B5.1,1.2077616151399413
59,B5.1,1.184471446252945
60,B5.1,1.219961227414081
0,D2.1,0.0676523953384165
1,D2.1,0.039926003806278754
2,D2.1,-0.028835447193424013
3,D2.1,-0.049907504757849
4,D2.1,0.03105355851599434
5,D2.1,0.02883544719342268
6,D2.1,0.12421423406397958
7,D2.1,0.16635834919282955
8,D2.1,0.16414023787025833
9,D2.1,0.14639534728968995
10,D2.1,0.10092406517698249
11,D2.1,0.10868745480598241
12,D2.1,0.06765239533841694
13,D2.1,0.0066543339677132
14,D2.1,-0.005545278306427814
15,D2.1,-0.05877995004813297
16,D2.1,-0.08207011893512917
17,D2.1,-0.04103505946756414
18,D2.1,-0.045471282112706124
19,D2.1,-0.06876145099970277
20,D2.1,-0.07319767364484564
21,D2.1,-0.07985200761255662
22,D2.1,-0.07874295195127301
23,D2.1,-0.06876145099970232
24,D2.1,-0.051016560419134827
25,D2.1,-0.09205161988669897
26,D2.1,-0.08428823025770082
27,D2.1,-0.08539728591898532
28,D2.1,-0.07763389628998674
29,D2.1,-0.09759689819312722
30,D2.1,-0.07652484062870091
31,D2.1,-0.1197780114188367
32,D2.1,-0.11534178877369561
33,D2.1,-0.10425123216083909
34,D2.1,-0.13530479067683432
35,D2.1,-0.13752290199940553
36,D2.1,-0.11534178877369516
37,D2.1,-0.13641384633812104
38,D2.1,-0.14195912464454752
39,D2.1,-0.1552677925799748
40,D2.1,-0.15748590390254424
41,D2.1,-0.17301268316054186
42,D2.1,-0.19297568506368235
43,D2.1,-0.18077607278954044
44,D2.1,-0.17855796146697012
45,D2.1,-0.21737490961196393
46,D2.1,-0.2362288558538186
47,D2.1,-0.2739367483375248
48,D2.1,-0.2850273049503813
49,D2.1,-0.309426529498662
50,D2.1,-0.3194080304502327
51,D2.1,-0.338261976692086
52,D2.1,-0.3426981993372289
53,D2.1,-0.36487931256293926
54,D2.1,-0.41035059467564494
55,D2.1,-0.39815098240150615
56,D2.1,-0.39926003806279065
57,D2.1,-0.42587737393364344
58,D2.1,-0.46469432207863637
59,D2.1,-0.4547128211270657
60,D2.1,-0.4624762107560656
0,G2.1,0.6421432278843211
1,G2.1,0.5323467174170537
2,G2.1,0.48354826832049014
3,G2.1,0.48909354662691884
4,G2.1,0.5079474928687717
5,G2.1,0.5800361108523311
6,G2.1,0.6011081684167565
7,G2.1,0.6354888939166079
8,G2.1,0.7441763487225908
9,G2.1,0.8706086941091398
10,G2.1,0.9271705328347015
11,G2.1,0.9670965366409816
12,G2.1,0.9859504828828345
13,G2.1,0.9837323715602642
14,G2.1,0.9859504828828354
15,G2.1,0.9293886441572727
16,G2.1,0.956005980028126
17,G2.1,0.9471335347378425
18,G2.1,0.9537878687055552
19,G2.1,0.9371520337862718
20,G2.1,0.9116437535767039
21,G2.1,0.8783720837381397
22,G2.1,0.8539728591898572
23,G2.1,0.8362279686092893
24,G2.1,0.8140468553835785
25,G2.1,0.7541578496741597
26,G2.1,0.7841023525288686
27,G2.1,0.7763389628998709
28,G2.1,0.7541578496741601
29,G2.1,0.7153409015291663
30,G2.1,0.684287343013172
31,G2.1,0.6487975618520347
32,G2.1,0.6044353354006131
33,G2.1,0.5755998882071895
34,G2.1,0.5234742721267698
35,G2.1,0.49796599191720103
36,G2.1,0.4613671550947789
37,G2.1,0.44251320885292555
38,G2.1,0.4280954852562142
39,G2.1,0.39038759277250534
40,G2.1,0.3737517578532241
41,G2.1,0.35600686727265485
42,G2.1,0.3493525333049403
43,G2.1,0.3604430899177977
44,G2.1,0.3560068672726553
45,G2.1,0.32162614177280346
46,G2.1,0.3094265294986607
47,G2.1,0.29389975024066484
48,G2.1,0.2794820266439526
49,G2.1,0.2672824143698125
50,G2.1,0.25840996907952807
51,G2.1,0.2606280804020997
52,G2.1,0.2495375237892432
53,G2.1,0.24842846812795782
54,G2.1,0.23401074453124737
55,G2.1,0.25951902474081256
56,G2.1,0.24842846812795827
57,G2.1,0.259519024740813
58,G2.1,0.23179263320867616
59,G2.1,0.2451013011441021
60,G2.1,0.24288318982153045
0,B3.1,0.5123837155139133
1,B3.1,0.4480584871593529
2,B3.1,0.4402950975303548
3,B3.1,0.3670974238855105
4,B3.1,0.4524947098044949
5,B3.1,0.5112746598526283
6,B3.1,0.5179289938203424
7,B3.1,0.6044353354006127
8,B3.1,0.6487975618520347
9,B3.1,0.6787420647067437
10,B3.1,0.7153409015291659
11,B3.1,0.6820692316906012
12,B3.1,0.6687605637551739
13,B3.1,0.6476885061907489
14,B3.1,0.6066534467231839
15,B3.1,0.5833632778361881
16,B3.1,0.5634002759330485
17,B3.1,0.5534187749814787
18,B3.1,0.5711636655620471
19,B3.1,0.5645093315943335
20,B3.1,0.5401101070460523
21,B3.1,0.4946388249333462
22,B3.1,0.5046203258849151
23,B3.1,0.4768939343527774
24,B3.1,0.45914904377220855
25,B3.1,0.40813248335307506
26,B3.1,0.40147814938536097
27,B3.1,0.3515706446275124
28,B3.1,0.321626141772803
29,B3.1,0.31164464082123366
30,B3.1,0.2805910823052393
31,B3.1,0.2506465794505308
32,B3.1,0.22181113225710636
33,B3.1,0.17633985014439935
34,B3.1,0.12754140104783707
35,B3.1,0.11866895575755043
36,B3.1,0.08650634158027115
37,B3.1,0.06987050666098682
38,B3.1,0.056561838725560865
39,B3.1,0.052125616080418435
40,B3.1,0.0255082802095683
41,B3.1,0.004436222645142873
42,B3.1,-0.0011090556612862734
43,B3.1,0.003327166983857044
44,B3.1,-0.004436222645142873
45,B3.1,-0.0022181113225716587
46,B3.1,-0.01774489058057016
47,B3.1,-0.0299445028547094
48,B3.1,-0.031053558515994784
49,B3.1,-0.04103505946756458
50,B3.1,-0.02329016888699531
51,B3.1,-0.03770789248370843
52,B3.1,-0.0199630019031396
53,B3.1,-0.024399224548282472
54,B3.1,-0.047689393435276894
55,B3.1,-0.05434372740299187
56,B3.1,-0.058779950048133855
57,B3.1,-0.07541578496741685
58,B3.1,-0.07874295195127301
59,B3.1,-0.07319767364484475
60,B3.1,-0.07208861798355981
0,D3.1,0.4890935466269175
1,D3.1,0.44251320885292555
2,D3.1,0.38262420314350676
3,D3.1,0.3316076427243737
4,D3.1,0.4247683182723563
5,D3.1,0.4203320956272143
6,D3.1,0.38816948144993546
7,D3.1,0.46136715509477977
8,D3.1,0.5412191627073382
9,D3.1,0.4791120456753486
10,D3.1,0.517928993820342
11,D3.1,0.562291220271764
12,D3.1,0.5434372740299089
13,D3.1,0.44473132017549677
14,D3.1,0.3937147597563633
15,D3.1,0.375969869175794
16,D3.1,0.34935253330494165
17,D3.1,0.36377025690165343
18,D3.1,0.35046158896622703
19,D3.1,0.3515706446275124
20,D3.1,0.30942652949866245
21,D3.1,0.28835447193423835
22,D3.1,0.25730091341824224
23,D3.1,0.2839182492890955
24,D3.1,0.24953752378924365
25,D3.1,0.20850246432167996
26,D3.1,0.19075757374111024
27,D3.1,0.17523079448311352
28,D3.1,0.15194062559611776
29,D3.1,0.11423273311240889
30,D3.1,0.10536028782212581
31,D3.1,0.09870595385441261
32,D3.1,0.06987050666098771
33,D3.1,0.0621071170319909
34,D3.1,0.05101656041913438
35,D3.1,0.043253170790134465
36,D3.1,0.025508280209567413
37,D3.1,0.03770789248370754
38,D3.1,0.03548978116113721
39,D3.1,0.01663583491928211
40,D3.1,-0.004436222645141541
41,D3.1,-0.0066543339677127555
42,D3.1,-0.011090556612855185
43,D3.1,-0.01552677925799717
44,D3.1,-0.021072057564424984
45,D3.1,-0.0266173358708528
46,D3.1,-0.03992600380628053
47,D3.1,-0.04436222645142074
48,D3.1,-0.06432522835456211
49,D3.1,-0.07319767364484431
50,D3.1,-0.07541578496741597
51,D3.1,-0.09094256422541402
52,D3.1,-0.09316067554798524
53,D3.1,-0.09537878687055645
54,D3.1,-0.12421423406397869
55,D3.1,-0.11312367745112573
56,D3.1,-0.12199612274140881
57,D3.1,-0.1308685680316919
58,D3.1,-0.14417723596711918
59,D3.1,-0.14085006898326125
60,D3.1,-0.16303118220897295
0,E3.1,0.28502730495038087
1,E3.1,0.16968551617668615
2,E3.1,0.11423273311240845
3,E3.1,0.14417723596711962
4,E3.1,0.21072057564424984
5,E3.1,0.2539737464343852
6,E3.1,0.28280919362780965
7,E3.1,0.36709742388550914
8,E3.1,0.48909354662691884
9,E3.1,0.5223652164654835
10,E3.1,0.6033262797393273
11,E3.1,0.6144168363521834
12,E3.1,0.6354888939166079
13,E3.1,0.588908556142616
14,E3.1,0.6033262797393277
15,E3.1,0.5290195504331976
16,E3.1,0.496856936255917
17,E3.1,0.45914904377220855
18,E3.1,0.46580337773992264
19,E3.1,0.46025809943349394
20,E3.1,0.4170049286433586
21,E3.1,0.38484231446607975
22,E3.1,0.35157064462751286
23,E3.1,0.3438072549985134
24,E3.1,0.3316076427243728
25,E3.1,0.28280919362780965
26,E3.1,0.27393674833752524
27,E3.1,0.2096115199829649
28,E3.1,0.16746740485411493
29,E3.1,0.1297595123704065
30,E3.1,0.083179174596415
31,E3.1,0.05545278306427681
32,E3.1,0.014417723596710452
33,E3.1,-0.032162614177279725
34,E3.1,-0.09870595385441261
35,E3.1,-0.11866895575755221
36,E3.1,-0.14861345861226116
37,E3.1,-0.18077607278954266
38,E3.1,-0.21848396527324976
39,E3.1,-0.2451013011441021
40,E3.1,-0.2927906945793781
41,E3.1,-0.31940803045023136
42,E3.1,-0.34935253330494165
43,E3.1,-0.3415891436759422
44,E3.1,-0.3626612012403676
45,E3.1,-0.3948238154176491
46,E3.1,-0.4103505946756463
47,E3.1,-0.4369679305464982
48,E3.1,-0.4491675428206401
49,E3.1,-0.45582187678835195
50,E3.1,-0.4347498192239274
51,E3.1,-0.4902026022882042
52,E3.1,-0.5057293815462018
53,E3.1,-0.5201471051429127
54,E3.1,-0.544546329691193
55,E3.1,-0.5611821646104787
56,E3.1,-0.5578549976266207
57,E3.1,-0.5534187749814792
58,E3.1,-0.5866904448200443
59,E3.1,-0.5755998882071891
60,E3.1,-0.5977810014329004
0,F3.1,0.7696846289321564
1,F3.1,0.5866904448200447
2,F3.1,0.49685693625591654
3,F3.1,0.47689393435277827
4,F3.1,0.4580399881109223
5,F3.1,0.4702396003850633
6,F3.1,0.45138565414321086
7,F3.1,0.47689393435277694
8,F3.1,0.509056548530058
9,F3.1,0.5001841032397731
10,F3.1,0.5290195504331971
11,F3.1,0.5401101070460532
12,F3.1,0.6288345599488947
13,F3.1,0.57559988820719
14,F3.1,0.6299436156101801
15,F3.1,0.6343798382553225
16,F3.1,0.6243983373037523
17,F3.1,0.6011081684167561
18,F3.1,0.5634002759330494
19,F3.1,0.5744908325459028
20,F3.1,0.5024022145623444
21,F3.1,0.4591490437722099
22,F3.1,0.38927853711122085
23,F3.1,0.37375175785322323
24,F3.1,0.34491631065979966
25,F3.1,0.3493525333049421
26,F3.1,0.31386275214380444
27,F3.1,0.24731941246667244
28,F3.1,0.20406624167653753
29,F3.1,0.1874304067572541
30,F3.1,0.14528629162840456
31,F3.1,0.14085006898326213
32,F3.1,0.10536028782212536
33,F3.1,0.07541578496741597
34,F3.1,0.05545278306427637
35,F3.1,0.05767089438684625
36,F3.1,0.031053558515994784
37,F3.1,0.02218111322571037
38,F3.1,0.013308667935425955
39,F3.1,-0.033271669838566886
40,F3.1,-0.06654333967713111
41,F3.1,-0.07874295195127123
42,F3.1,-0.09648784253184184
43,F3.1,-0.083179174596415
44,F3.1,-0.10092406517698427
45,F3.1,-0.09316067554798524
46,F3.1,-0.1408500689832639
47,F3.1,-0.1541587369186881
48,F3.1,-0.18853946241854036
49,F3.1,-0.1807760727895409
50,F3.1,-0.19741190770882344
51,F3.1,-0.20628435299910874
52,F3.1,-0.21848396527324931
53,F3.1,-0.21293868696682194
54,F3.1,-0.27171863701495313
55,F3.1,-0.27393674833752746
56,F3.1,-0.2628461917246705
57,F3.1,-0.2805910823052393
58,F3.1,-0.31497180780508893
59,F3.1,-0.32384425309537335
60,F3.1,-0.33937103235337185
0,G3.1,0.52569238344934055
1,G3.1,0.475784878691492
2,G3.1,0.397041926740219
3,G3.1,0.36487931256293926
4,G3.1,0.48133015699791937
5,G3.1,0.5157108824977694
6,G3.1,0.48798449096563257
7,G3.1,0.46136715509477977
8,G3.1,0.49796599191720325
9,G3.1,0.41145965033693077
10,G3.1,0.39704192674021943
11,G3.1,0.3404800880146577
12,G3.1,0.3127536964825186
13,G3.1,0.29833597288580727
14,G3.1,0.18853946241853947
15,G3.1,0.12643234538655035
16,G3.1,0.1863213510959687
17,G3.1,0.17190362749925692
18,G3.1,0.19075757374111113
19,G3.1,0.19186662940239652
20,G3.1,0.15083156993483193
21,G3.1,0.128650456709122
22,G3.1,0.09426973120926929
23,G3.1,0.08872445290284237
24,G3.1,0.07763389628998674
25,G3.1,0.025508280209567413
26,G3.1,0.01774489058056883
27,G3.1,-0.0365988368224226
28,G3.1,-0.08761539724155698
29,G3.1,-0.08096106327384378
30,G3.1,-0.1397410133219763
31,G3.1,-0.13197762369297816
32,G3.1,-0.13086856803169278
33,G3.1,-0.1696855161766857
34,G3.1,-0.20406624167653753
35,G3.1,-0.211829631305537
36,G3.1,-0.21848396527324931
37,G3.1,-0.26284619172467094
38,G3.1,-0.299445028547094
39,G3.1,-0.3227351974340893
40,G3.1,-0.3382619766920856
41,G3.1,-0.3615521455790809
42,G3.1,-0.39260570409507745
43,G3.1,-0.384842314466078
44,G3.1,-0.3948238154176482
45,G3.1,-0.39593287107893405
46,G3.1,-0.42809548525621555
47,G3.1,-0.4646943220786368
48,G3.1,-0.45360376546578207
49,G3.1,-0.48354826832049014
50,G3.1,-0.4380769862077831
51,G3.1,-0.5057293815462018
52,G3.1,-0.512383715513915
53,G3.1,-0.5268014391106273
54,G3.1,-0.5523097193201929
55,G3.1,-0.5722727212233347
56,G3.1,-0.5523097193201947
57,G3.1,-0.5634002759330494
58,G3.1,-0.5933447787877579
59,G3.1,-0.594453834449042
60,G3.1,-0.6243983373037527
0,H3.1,0.46913054472377835
1,H3.1,0.4702396003850642
2,H3.1,0.41478681732078737
3,H3.1,0.4114596503369321
4,H3.1,0.4414041531916393
5,H3.1,0.49574788059463026
6,H3.1,0.5323467174170542
7,H3.1,0.5268014391106255
8,H3.1,0.6255073929650385
9,H3.1,0.5767089438684749
10,H3.1,0.5523097193201933
11,H3.1,0.4646943220786377
12,H3.1,0.47800299001406277
13,H3.1,0.40702342769178834
14,H3.1,0.41589587298207276
15,H3.1,0.41367776165950243
16,H3.1,0.4391860418690685
17,H3.1,0.38595137012736425
18,H3.1,0.3316076427243728
19,H3.1,0.29833597288580727
20,H3.1,0.29389975024066484
21,H3.1,0.27393674833752657
22,H3.1,0.29722691722452144
23,H3.1,0.2828091936278101
24,H3.1,0.3238442530953738
25,H3.1,0.2983359728858077
26,H3.1,0.30942652949866245
27,H3.1,0.3005540842083789
28,H3.1,0.28613636061166625
29,H3.1,0.3072084181760908
30,H3.1,0.29722691722452277
31,H3.1,0.28835447193423835
32,H3.1,0.27393674833752524
33,H3.1,0.2850273049503813
34,H3.1,0.27837297098266767
35,H3.1,0.28724541627295075
36,H3.1,0.2761548596600969
37,H3.1,0.29611786156323516
38,H3.1,0.2950088059019502
39,H3.1,0.28724541627295164
40,H3.1,0.28946352759552374
41,H3.1,0.30720841817609257
42,H3.1,0.301663139869663
43,H3.1,0.3072084181760921
44,H3.1,0.3271714200792304
45,H3.1,0.30609936251480585
46,H3.1,0.3227351974340875
47,H3.1,0.3027721955309488
48,H3.1,0.30609936251480585
49,H3.1,0.31053558515994784
50,H3.1,0.32273519743408885
51,H3.1,0.32717142007923083
52,H3.1,0.3338257540469436
53,H3.1,0.3249533087566596
54,H3.1,0.3060993625148072
55,H3.1,0.326062364417945
56,H3.1,0.33493480970822853
57,H3.1,0.3205170861115172
58,H3.1,0.3171899191276628
59,H3.1,0.30831747383737795
60,H3.1,0.31053558515994784
0,C4.1,0.35933403425651056
1,C4.1,0.20073907469268049
2,C4.1,0.13863195766069047
3,C4.1,0.13974101332197675
4,C4.1,0.25619185775695597
5,C4.1,0.39038759277250534
6,C4.1,0.43807698620778357
7,C4.1,0.4414041531916397
8,C4.1,0.5234742721267698
9,C4.1,0.7275405138033069
10,C4.1,0.77633896289987
11,C4.1,0.7608121836418724
12,C4.1,0.8706086941091402
13,C4.1,0.8617362488188558
14,C4.1,0.8018472431094374
15,C4.1,0.7641393506257295
16,C4.1,0.747503515706446
17,C4.1,0.7242133468194498
18,C4.1,0.7153409015291663
19,C4.1,0.7707936845934418
20,C4.1,0.7874295195127257
21,C4.1,0.7763389628998714
22,C4.1,0.7963019648030096
23,C4.1,0.7619212393031582
24,C4.1,0.7608121836418729
25,C4.1,0.7275405138033078
26,C4.1,0.7452854043838757
27,C4.1,0.7164499571904521
28,C4.1,0.7131227902065955
29,C4.1,0.723104291158164
30,C4.1,0.7064684562388832
31,C4.1,0.6987050666098833
32,C4.1,0.7009231779324541
33,C4.1,0.6876145099970277
34,C4.1,0.6643243411100319
35,C4.1,0.6831782873518844
36,C4.1,0.6831782873518857
37,C4.1,0.6842873430131711
38,C4.1,0.677633009045457
39,C4.1,0.7009231779324532
40,C4.1,0.6743058420616022
41,C4.1,0.6820692316906003
42,C4.1,0.6676515080938876
43,C4.1,0.7031412892550257
44,C4.1,0.6987050666098837
45,C4.1,0.7075775119001668
46,C4.1,0.7208861798355923
47,C4.1,0.7142318458678809
48,C4.1,0.7097956232227376
49,C4.1,0.7219952354968799
50,C4.1,0.747503515706446
51,C4.1,0.7219952354968795
52,C4.1,0.7419582374000178
53,C4.1,0.7452854043838757
54,C4.1,0.7375220147548784
55,C4.1,0.7375220147548753
56,C4.1,0.7763389628998691
57,C4.1,0.7741208515772984
58,C4.1,0.7741208515772993
59,C4.1,0.7841023525288691
60,C4.1,0.7763389628998709
0,D4.1,0.6133077806908971
1,D4.1,0.5811451665136174
2,D4.1,0.5334557730783387
3,D4.1,0.49907504757848864
4,D4.1,0.5434372740299085
5,D4.1,0.6232892816424656
6,D4.1,0.7031412892550257
7,D4.1,0.7242133468194507
8,D4.1,0.8573000261737138
9,D4.1,0.8916807516735656
10,D4.1,0.897226029979993
11,D4.1,0.9426973120927
12,D4.1,0.9881685942054061
13,D4.1,0.8839173620445662
14,D4.1,0.9604422026732684
15,D4.1,0.8439913582382874
16,D4.1,0.9293886441572732
17,D4.1,0.9471335347378416
18,D4.1,1.0225493197052589
19,D4.1,0.9560059800281251
20,D4.1,0.9260614771734166
21,D4.1,0.9304976998185599
22,D4.1,0.9593331470119826
23,D4.1,0.9903867055279778
24,D4.1,1.0048044291246891
25,D4.1,1.0314217649955415
26,D4.1,1.0547119338825377
27,D4.1,1.0547119338825381
28,D4.1,1.0536028782212528
29,D4.1,1.065802490495392
30,D4.1,1.0502757112373966
31,D4.1,1.0813292697533905
32,D4.1,1.0813292697533905
33,D4.1,1.1101647169468145
34,D4.1,1.0802202140921051
35,D4.1,1.0968560490113863
36,D4.1,1.0968560490113877
37,D4.1,1.1046194386403854
38,D4.1,1.0946379376888165
39,D4.1,1.1057284943016716
40,D4.1,1.1068375499629584
41,D4.1,1.1168190509145286
42,D4.1,1.1268005518660966
43,D4.1,1.1345639414950965
44,D4.1,1.1334548858338103
45,D4.1,1.127909607527382
46,D4.1,1.137891108478951
47,D4.1,1.1545269433982357
48,D4.1,1.144545442446665
49,D4.1,1.1334548858338107
50,D4.1,1.1390001641402385
51,D4.1,1.1401092198015235
52,D4.1,1.1356729971563801
53,D4.1,1.1256914962048112
54,D4.1,1.134563941495097
55,D4.1,1.14565449810795
56,D4.1,1.1645084443498046
57,D4.1,1.1456544981079508
58,D4.1,1.135672997156382
59,D4.1,1.1611812773659498
60,D4.1,1.1545269433982366
0,E4.1,0.40369626070793174
1,E4.1,0.2672824143698125
2,E4.1,0.1774489058056843
3,E4.1,0.12421423406397958
4,E4.1,0.2495375237892432
5,E4.1,0.27615485966009556
6,E4.1,0.3149718078050898
7,E4.1,0.39593287107893316
8,E4.1,0.42476831827235806
9,E4.1,0.34713442198237043
10,E4.1,0.32828047574051666
11,E4.1,0.31275369648251905
12,E4.1,0.3726427021919374
13,E4.1,0.5101656041913434
14,E4.1,0.4791120456753486
15,E4.1,0.4702396003850642
16,E4.1,0.5068384372074863
17,E4.1,0.4669124334012076
18,E4.1,0.4946388249333471
19,E4.1,0.5534187749814787
20,E4.1,0.5600731089491919
21,E4.1,0.5423282183686253
22,E4.1,0.5378919957234807
23,E4.1,0.5256923834493401
24,E4.1,0.5390010513847674
25,E4.1,0.5245833277880556
26,E4.1,0.5367829400621957
27,E4.1,0.5068384372074868
28,E4.1,0.5068384372074872
29,E4.1,0.5101656041913429
30,E4.1,0.4879844909656339
31,E4.1,0.5101656041913434
32,E4.1,0.5090565485300567
33,E4.1,0.5001841032397736
34,E4.1,0.47356676736892034
35,E4.1,0.4669124334012067
36,E4.1,0.4846573239817764
37,E4.1,0.4857663796430609
38,E4.1,0.4680214890624921
39,E4.1,0.4780029900140619
40,E4.1,0.46913054472377924
41,E4.1,0.4602580994334948
42,E4.1,0.4580399881109227
43,E4.1,0.47689393435277827
44,E4.1,0.4857663796430618
45,E4.1,0.4768939343527765
46,E4.1,0.48243921265920386
47,E4.1,0.48354826832049014
48,E4.1,0.4624762107560647
49,E4.1,0.4735667673689212
50,E4.1,0.4946388249333471
51,E4.1,0.4469494314980671
52,E4.1,0.47467582303020617
53,E4.1,0.46913054472377835
54,E4.1,0.4757848786914929
55,E4.1,0.45582187678835195
56,E4.1,0.47800299001406277
57,E4.1,0.475784878691492
58,E4.1,0.4624762107560665
59,E4.1,0.4768939343527774
60,E4.1,0.4680214890624934
0,F4.1,0.3737517578532219
1,F4.1,0.22402924357967668
2,F4.1,0.18521229543468287
3,F4.1,0.0765248406287018
4,F4.1,0.226247354902247
5,F4.1,0.2916816389180936
6,F4.1,0.3304985870630879
7,F4.1,0.3693155352080808
8,F4.1,0.42476831827235806
9,F4.1,0.3815151474822218
10,F4.1,0.32273519743408885
11,F4.1,0.26062808040210017
12,F4.1,0.34048008801465723
13,F4.1,0.30499030685352047
14,F4.1,0.27726391532138184
15,F4.1,0.2129386869668224
16,F4.1,0.20517529733782247
17,F4.1,0.16857646051540032
18,F4.1,0.149722514273547
19,F4.1,0.10757839914469569
20,F4.1,0.12088706708012209
21,F4.1,0.08317917459641544
22,F4.1,0.08650634158027115
23,F4.1,0.09094256422541358
24,F4.1,0.09759689819312589
25,F4.1,0.05988900570941835
26,F4.1,-0.03216261417728106
27,F4.1,-0.1408500689832617
28,F4.1,-0.1807760727895409
29,F4.1,-0.15083156993483193
30,F4.1,-0.18964851807982486
31,F4.1,-0.21848396527324887
32,F4.1,-0.24731941246667333
33,F4.1,-0.28391824928909504
34,F4.1,-0.3316076427243728
35,F4.1,-0.3205170861115181
36,F4.1,-0.3016631398696643
37,F4.1,-0.30720841817609257
38,F4.1,-0.33271669838565954
39,F4.1,-0.34713442198237177
40,F4.1,-0.4092415390143591
41,F4.1,-0.4780029900140623
42,F4.1,-0.5401101070460532
43,F4.1,-0.5567459419653344
44,F4.1,-0.5900176118039009
45,F4.1,-0.5999991127554716
46,F4.1,-0.6399251165617521
47,F4.1,-0.6609971741261753
48,F4.1,-0.6831782873518857
49,F4.1,-0.7031412892550253
50,F4.1,-0.721995235496879
51,F4.1,-0.7563759609967309
52,F4.1,-0.7663574619483007
53,F4.1,-0.7852114081901549
54,F4.1,-0.7940838534804389
55,F4.1,-0.8306826903028619
56,F4.1,-0.8351189129480039
57,F4.1,-0.847318525222144
58,F4.1,-0.881699250721995
59,F4.1,-0.8972260299799917
60,F4.1,-0.9205161988669892
0,G4.1,-0.03438072549985227
1,G4.1,-0.0964878425318414
2,G4.1,-0.14306818030583335
3,G4.1,-0.11090556612855273
4,G4.1,0.01663583491928211
5,G4.1,0.16857646051539943
6,G4.1,0.2484284681279587
7,G4.1,0.35711592293393934
8,G4.1,0.4735667673689212
9,G4.1,0.534564828739625
10,G4.1,0.6055443910618994
11,G4.1,0.6410341722230366
12,G4.1,0.676523953384172
13,G4.1,0.7297586251258785
14,G4.1,0.7175590128517371
15,G4.1,0.7053594005775965
16,G4.1,0.7275405138033069
17,G4.1,0.7408491817387333
18,G4.1,0.7441763487225908
19,G4.1,0.7364129590935904
20,G4.1,0.7530487940128738
21,G4.1,0.7696846289321586
22,G4.1,0.7597031279805866
23,G4.1,0.7519397383515889
24,G4.1,0.7530487940128738
25,G4.1,0.7486125713677323
26,G4.1,0.7508306826903022
27,G4.1,0.7153409015291676
28,G4.1,0.7042503449163111
29,G4.1,0.7219952354968795
30,G4.1,0.6842873430131715
31,G4.1,0.6975960109485979
32,G4.1,0.6909416769808838
33,G4.1,0.6465794505294635
34,G4.1,0.61774400333604
35,G4.1,0.6221802259811802
36,G4.1,0.6288345599488938
37,G4.1,0.6232892816424664
38,G4.1,0.5877995004813292
39,G4.1,0.5922357231264717
40,G4.1,0.5678364985781905
41,G4.1,0.5611821646104787
42,G4.1,0.5434372740299085
43,G4.1,0.5645093315943353
44,G4.1,0.5512006636589071
45,G4.1,0.5489825523363363
46,G4.1,0.5234742721267684
47,G4.1,0.5079474928687726
48,G4.1,0.5035112702236297
49,G4.1,0.5112746598526292
50,G4.1,0.5223652164654844
51,G4.1,0.4746758230302075
52,G4.1,0.47023960038506374
53,G4.1,0.47023960038506374
54,G4.1,0.47467582303020706
55,G4.1,0.42920454091749827
56,G4.1,0.4458403758367826
57,G4.1,0.4502765984819237
58,G4.1,0.4125687059982175
59,G4.1,0.41811398430464575
60,G4.1,0.4059143720305034
0,H4.1,-0.37264270219193785
1,H4.1,-0.3338257540469445
2,H4.1,-0.3693155352080817
3,H4.1,-0.40813248335307417
4,H4.1,-0.29389975024066617
5,H4.1,-0.15637684824126064
6,H4.1,-0.19519379638625267
7,H4.1,-0.10979651046726735
8,H4.1,-0.0011090556612849412
9,H4.1,0.04547128211270657
10,H4.1,0.09205161988669897
11,H4.1,0.1486134586122616
12,H4.1,0.1597040152251159
13,H4.1,0.16746740485411493
14,H4.1,0.1741217388218277
15,H4.1,0.12643234538655035
16,H4.1,0.12199612274140792
17,H4.1,0.07985200761255795
18,H4.1,0.07430672930613103
19,H4.1,0.07430672930613058
20,H4.1,0.0365988368224226
21,H4.1,-0.008872445290283082
22,H4.1,0.01774489058056794
23,H4.1,0.0066543339677132
24,H4.1,0.0199630019031396
25,H4.1,-0.03327166983856511
26,H4.1,-0.0365988368224226
27,H4.1,-0.06099806137070374
28,H4.1,-0.08761539724155698
29,H4.1,-0.11866895575755221
30,H4.1,-0.1308685680316919
31,H4.1,-0.17190362749925692
32,H4.1,-0.20406624167653797
33,H4.1,-0.24288318982153045
34,H4.1,-0.27726391532138184
35,H4.1,-0.2905725832568091
36,H4.1,-0.3171899191276615
37,H4.1,-0.3227351974340893
38,H4.1,-0.34048008801465857
39,H4.1,-0.3560068672726553
40,H4.1,-0.3781879804983648
41,H4.1,-0.36266120124036716
42,H4.1,-0.4081324833530755
43,H4.1,-0.39260570409507656
44,H4.1,-0.3914966484337912
45,H4.1,-0.4070234276917897
46,H4.1,-0.39926003806279153
47,H4.1,-0.404805316369218
48,H4.1,-0.4125687059982175
49,H4.1,-0.4303135965787841
50,H4.1,-0.4414041531916406
51,H4.1,-0.4669124334012076
52,H4.1,-0.4913116579494896
53,H4.1,-0.5068384372074877
54,H4.1,-0.5378919957234811
55,H4.1,-0.5290195504331985
56,H4.1,-0.5279104947719122
57,H4.1,-0.5401101070460523
58,H4.1,-0.5545278306427637
59,H4.1,-0.5656183872556184
60,H4.1,-0.5667274429169051
0,A5.1,0.4646943220786359
1,A5.1,0.24066507849895924
2,A5.1,0.20073907469268004
3,A5.1,0.14750440295097533
4,A5.1,0.21737490961196304
5,A5.1,0.24177413416024418
6,A5.1,0.23733791151510308
7,A5.1,0.34602536632108505
8,A5.1,0.4081324833530755
9,A5.1,0.41145965033693077
10,A5.1,0.3992600380627902
11,A5.1,0.3737517578532241
12,A5.1,0.34048008801465723
13,A5.1,0.35822497859522606
14,A5.1,0.2739367483375261
15,A5.1,0.14528629162840412
16,A5.1,0.1641402378702579
17,A5.1,0.08428823025770082
18,A5.1,0.11977801141883715
19,A5.1,0.1253232897252654
20,A5.1,0.056561838725560865
21,A5.1,0.05988900570942013
22,A5.1,0.02218111322571037
23,A5.1,0.009981500951569355
24,A5.1,-0.0033271669838566
25,A5.1,-0.033271669838566
26,A5.1,-0.03216261417728061
27,A5.1,-0.05877995004813297
28,A5.1,-0.0964878425318405
29,A5.1,-0.08983350856412775
30,A5.1,-0.13974101332197586
31,A5.1,-0.13197762369297816
32,A5.1,-0.1364138463381206
33,A5.1,-0.17079457183797153
34,A5.1,-0.20739340866039413
35,A5.1,-0.20517529733782336
36,A5.1,-0.21848396527324931
37,A5.1,-0.2317926332086766
38,A5.1,-0.23955602283767474
39,A5.1,-0.24621035680538794
40,A5.1,-0.2961178615632356
41,A5.1,-0.2938997502406644
42,A5.1,-0.3072084181760921
43,A5.1,-0.31718991912766104
44,A5.1,-0.32828047574051666
45,A5.1,-0.3438072549985143
46,A5.1,-0.3759698691757958
47,A5.1,-0.3682064795467954
48,A5.1,-0.4025872050466486
49,A5.1,-0.4236592626110727
50,A5.1,-0.4192230399659298
51,A5.1,-0.43918604186906984
52,A5.1,-0.45360376546578207
53,A5.1,-0.4768939343527787
54,A5.1,-0.5090565485300558
55,A5.1,-0.5190380494816296
56,A5.1,-0.49907504757848864
57,A5.1,-0.5157108824977708
58,A5.1,-0.5500916079976208
59,A5.1,-0.5733817768846179
60,A5.1,-0.5733817768846183
0,D5.1,0.057670894386846694
1,D5.1,-0.024399224548282028
2,D5.1,0.011090556612854297
3,D5.1,-0.08317917459641411
4,D5.1,0.02661733587085191
5,D5.1,0.14306818030583246
6,D5.1,0.2029571860152517
7,D5.1,0.3072084181760908
8,D5.1,0.40369626070793263
9,D5.1,0.43696793054649863
10,D5.1,0.4702396003850646
11,D5.1,0.40591437203050473
12,D5.1,0.46580337773992175
13,D5.1,0.48798449096563257
14,D5.1,0.4003690937240756
15,D5.1,0.4624762107560656
16,D5.1,0.4247683182723567
17,D5.1,0.4658033777399222
18,D5.1,0.4913116579494896
19,D5.1,0.3582249785952256
20,D5.1,0.2983359728858068
21,D5.1,0.2938997502406666
22,D5.1,0.26728241436981204
23,D5.1,0.2573009134182431
24,D5.1,0.2329016888699611
25,D5.1,0.23290168886996154
26,D5.1,0.1874304067572541
27,D5.1,0.16746740485411493
28,D5.1,0.1486134586122616
29,D5.1,0.10536028782212536
30,D5.1,0.10646934348341164
31,D5.1,0.12421423406398002
32,D5.1,0.11312367745112395
33,D5.1,0.10757839914469702
34,D5.1,0.10425123216083998
35,D5.1,0.1064693434834103
36,D5.1,0.1164508444349801
37,D5.1,0.1131236774511235
38,D5.1,0.11201462178983812
39,D5.1,0.10757839914469569
40,D5.1,0.10536028782212581
41,D5.1,0.10757839914469702
42,D5.1,0.10314217649955326
43,D5.1,0.1197780114188376
44,D5.1,0.12199612274140792
45,D5.1,0.12975951237040606
46,D5.1,0.12643234538654902
47,D5.1,0.1397410133219772
48,D5.1,0.13308667935426266
49,D5.1,0.1330866793542631
50,D5.1,0.12865045670912068
51,D5.1,0.12865045670912112
52,D5.1,0.13974101332197497
53,D5.1,0.14195912464454663
54,D5.1,0.13086856803169322
55,D5.1,0.14639534728968862
56,D5.1,0.15083156993483104
57,D5.1,0.13308667935426355
58,D5.1,0.13752290199940598
59,D5.1,0.1264323453865508
60,D5.1,0.12754140104783618
0,E5.1,0.1264323453865499
1,E5.1,0.02218111322571037
2,E5.1,-0.012199612274141458
3,E5.1,0.0011090556612858293
4,E5.1,0.1031421764995537
5,E5.1,0.19075757374111024
6,E5.1,0.19519379638625312
7,E5.1,0.29168163891809407
8,E5.1,0.3205170861115181
9,E5.1,0.392605704095077
10,E5.1,0.438076986207784
11,E5.1,0.5101656041913438
12,E5.1,0.5700546099007617
13,E5.1,0.6188530589973249
14,E5.1,0.6465794505294631
15,E5.1,0.7109046788840243
16,E5.1,0.7741208515772993
17,E5.1,0.7685755732708719
18,E5.1,0.7863204638514407
19,E5.1,0.8229193006738624
20,E5.1,0.7297586251258772
21,E5.1,0.6465794505294644
22,E5.1,0.6421432278843207
23,E5.1,0.6687605637551735
24,E5.1,0.7175590128517375
25,E5.1,0.7153409015291667
26,E5.1,0.7574850166580158
27,E5.1,0.7231042911581658
28,E5.1,0.7142318458678818
29,E5.1,0.7131227902065942
30,E5.1,0.709795623222738
31,E5.1,0.7142318458678814
32,E5.1,0.7120137345453088
33,E5.1,0.7120137345453101
34,E5.1,0.6720877307390309
35,E5.1,0.6820692316905999
36,E5.1,0.6831782873518852
37,E5.1,0.6709786750777438
38,E5.1,0.6632152854487452
39,E5.1,0.6809601760293131
40,E5.1,0.6343798382553234
41,E5.1,0.6365979495778955
42,E5.1,0.6210711703198952
43,E5.1,0.654342840158463
44,E5.1,0.6532337844971763
45,E5.1,0.6133077806908971
46,E5.1,0.6487975618520321
47,E5.1,0.6055443910618981
48,E5.1,0.5622912202717623
49,E5.1,0.5645093315943339
50,E5.1,0.6077625023844706
51,E5.1,0.5556368863040495
52,E5.1,0.55563688630405
53,E5.1,0.5589640532879061
54,E5.1,0.534564828739625
55,E5.1,0.5134927711751991
56,E5.1,0.5279104947719109
57,E5.1,0.5201471051429132
58,E5.1,0.47134865604635
59,E5.1,0.4935297692720608
60,E5.1,0.47467582303020617
0,F5.1,0.8783720837381379
1,F5.1,0.7963019648030096
2,F5.1,0.7319767364484489
3,F5.1,0.7075775119001682
4,F5.1,0.7319767364484489
5,F5.1,0.7663574619483002
6,F5.1,0.7153409015291667
7,F5.1,0.730867680787163
8,F5.1,0.5911266674651867
9,F5.1,0.6975960109485975
10,F5.1,0.7585940723193012
11,F5.1,0.8007381874481525
12,F5.1,0.822919300673862
13,F5.1,0.7752299072385851
14,F5.1,0.7796661298837266
15,F5.1,0.7486125713677323
16,F5.1,0.7264314581420215
17,F5.1,0.7186680685130225
18,F5.1,0.6809601760293149
19,F5.1,0.6465794505294626
20,F5.1,0.5611821646104764
21,F5.1,0.5212561608041995
22,F5.1,0.4402950975303548
23,F5.1,0.47467582303020617
24,F5.1,0.4558218767883524
25,F5.1,0.40258720504664725
26,F5.1,0.3648793125629388
27,F5.1,0.2950088059019511
28,F5.1,0.23511980019253276
29,F5.1,0.20739340866039324
30,F5.1,0.18521229543468376
31,F5.1,0.1985209633701106
32,F5.1,0.1807760727895409
33,F5.1,0.12754140104783618
34,F5.1,0.10646934348341075
35,F5.1,0.09870595385441083
36,F5.1,0.06210711703198957
37,F5.1,0.055452783064275035
38,F5.1,0.04436222645142118
39,F5.1,0.007763389628997253
40,F5.1,-0.025508280209566525
41,F5.1,-0.024399224548282028
42,F5.1,-0.03881694814499426
43,F5.1,-0.045471282112706124
44,F5.1,-0.07319767364484475
45,F5.1,-0.08428823025770038
46,F5.1,-0.11977801141883848
47,F5.1,-0.13419573501554893
48,F5.1,-0.16192212654768845
49,F5.1,-0.1774489058056843
50,F5.1,-0.19741190770882433
51,F5.1,-0.21072057564425073
52,F5.1,-0.21848396527325065
53,F5.1,-0.2262473549022479
54,F5.1,-0.24510130114410167
55,F5.1,-0.27615485966009823
56,F5.1,-0.2783729709826681
57,F5.1,-0.2883544719342379
58,F5.1,-0.30388125119223464
59,F5.1,-0.3160808634663743
60,F5.1,-0.34602536632108505
0,G5.1,0.15304968125740182
1,G5.1,0.11423273311240889
2,G5.1,0.08317917459641455
3,G5.1,0.04214411512885041
4,G5.1,0.11645084443497966
5,G5.1,0.18521229543468198
6,G5.1,0.1940847407249673
7,G5.1,0.20073907469268004
8,G5.1,0.23290168886996154
9,G5.1,0.3038812511922351
10,G5.1,0.3316076427243728
11,G5.1,0.27171863701495536
12,G5.1,0.2894635275955224
13,G5.1,0.2783729709826681
14,G5.1,0.255082802095671
15,G5.1,0.20850246432167951
16,G5.1,0.24177413416024462
17,G5.1,0.2329016888699611
18,G5.1,0.2794820266439535
19,G5.1,0.2850273049503804
20,G5.1,0.27060958135366864
21,G5.1,0.2794820266439544
22,G5.1,0.3005540842083776
23,G5.1,0.2872454162729521
24,G5.1,0.3327166983856582
25,G5.1,0.34380725499851383
26,G5.1,0.3604430899177964
27,G5.1,0.3404800880146568
28,G5.1,0.3404800880146581
29,G5.1,0.34935253330494076
30,G5.1,0.3438072549985156
31,G5.1,0.35378875595008363
32,G5.1,0.35600686727265485
33,G5.1,0.3304985870630879
34,G5.1,0.31608086346637565
35,G5.1,0.3238442530953729
36,G5.1,0.3537887559500832
37,G5.1,0.36820647954679453
38,G5.1,0.3404800880146568
39,G5.1,0.3482434776436554
40,G5.1,0.32938953140180294
41,G5.1,0.3460253663210855
42,G5.1,0.34491631065979833
43,G5.1,0.3504615889662275
44,G5.1,0.36709742388550914
45,G5.1,0.380406091820936
46,G5.1,0.37264270219193607
47,G5.1,0.36155214557908266
48,G5.1,0.3648793125629384
49,G5.1,0.3693155352080817
50,G5.1,0.3992600380627911
51,G5.1,0.3560068672726544
52,G5.1,0.36155214557908133
53,G5.1,0.36709742388551003
54,G5.1,0.36931553520808214
55,G5.1,0.363770256901653
56,G5.1,0.3826242031435072
57,G5.1,0.3848423144660784
58,G5.1,0.3670974238855118
59,G5.1,0.37596986917579533
60,G5.1,0.37375175785322234
0,H5.1,-0.09205161988669985
1,H5.1,-0.08872445290284281
2,H5.1,-0.12088706708012253
3,H5.1,-0.2162658539506781
4,H5.1,-0.10646934348341164
5,H5.1,-0.08539728591898665
6,H5.1,-0.12199612274140792
7,H5.1,-0.04768939343527823
8,H5.1,-0.03327166983856511
9,H5.1,-0.00887244529028397
10,H5.1,-0.004436222645141985
11,H5.1,0.017744890580569272
12,H5.1,0.01552677925799717
13,H5.1,0.014417723596712229
14,H5.1,0.00554527830642737
15,H5.1,-0.028835447193424013
16,H5.1,-0.004436222645142429
17,H5.1,0
18,H5.1,-0.0033271669838566
19,H5.1,0.013308667935425955
20,H5.1,-0.014417723596712229
21,H5.1,-0.014417723596710452
22,H5.1,-0.011090556612855629
23,H5.1,-0.0066543339677132
24,H5.1,0.03548978116113721
25,H5.1,-0.01552677925799717
26,H5.1,-0.012199612274141014
27,H5.1,-0.01885394624185377
28,H5.1,-0.03770789248370798
29,H5.1,-0.0321626141772815
30,H5.1,-0.04436222645142074
31,H5.1,-0.06876145099970232
32,H5.1,-0.06987050666098948
33,H5.1,-0.07208861798355892
34,H5.1,-0.11534178877369516
35,H5.1,-0.11534178877369561
36,H5.1,-0.1319776236929786
37,H5.1,-0.12754140104783707
38,H5.1,-0.1486134586122616
39,H5.1,-0.1885394624185408
40,H5.1,-0.2007390746926796
41,H5.1,-0.20517529733782203
42,H5.1,-0.24066507849896057
43,H5.1,-0.23955602283767385
44,H5.1,-0.2517556351118144
45,H5.1,-0.27837297098266767
46,H5.1,-0.2872454162729534
47,H5.1,-0.3171899191276615
48,H5.1,-0.32828047574051666
49,H5.1,-0.3404800880146568
50,H5.1,-0.35046158896622703
51,H5.1,-0.36044308991779683
52,H5.1,-0.35822497859522695
53,H5.1,-0.3903875927725067
54,H5.1,-0.4314226522400699
55,H5.1,-0.4325317079013571
56,H5.1,-0.4303135965787859
57,H5.1,-0.4613671550947802
58,H5.1,-0.46802148906249297
59,H5.1,-0.49907504757848686
60,H5.1,-0.49574788059463115
0,A6.1,0.3737517578532228
1,A6.1,0.425877373933643
2,A6.1,0.40924153901436
3,A6.1,0.4048053163692189
4,A6.1,0.4480584871593529
5,A6.1,0.5068384372074859
6,A6.1,0.47245771170763584
7,A6.1,0.4746758230302066
8,A6.1,0.40924153901436044
9,A6.1,0.3914966484337916
10,A6.1,0.44029509753035523
11,A6.1,0.3504615889662275
12,A6.1,0.42809548525621377
13,A6.1,0.38595137012736425
14,A6.1,0.4192230399659298
15,A6.1,0.392605704095077
16,A6.1,0.3848423144660784
17,A6.1,0.3016631398696634
18,A6.1,0.2950088059019511
19,A6.1,0.26506430304724127
20,A6.1,0.25286469077310025
21,A6.1,0.19408474072496817
22,A6.1,0.2029571860152517
23,A6.1,0.19852096337010972
24,A6.1,0.18188512845082627
25,A6.1,0.1264323453865508
26,A6.1,0.11090556612855229
27,A6.1,0.06432522835456167
28,A6.1,0.03770789248370843
29,A6.1,-0.0055452783064282585
30,A6.1,-0.05545278306427637
31,A6.1,-0.08983350856412775
32,A6.1,-0.11866895575755221
33,A6.1,-0.15748590390254558
34,A6.1,-0.1996300190313951
35,A6.1,-0.22070207659582097
36,A6.1,-0.23401074453124648
37,A6.1,-0.21737490961196393
38,A6.1,-0.2096115199829658
39,A6.1,-0.21072057564425117
40,A6.1,-0.25730091341824224
41,A6.1,-0.26617335870852576
42,A6.1,-0.29722691722452277
43,A6.1,-0.31386275214380355
44,A6.1,-0.33271669838565865
45,A6.1,-0.3604430899177973
46,A6.1,-0.3815151474822236
47,A6.1,-0.4103505946756454
48,A6.1,-0.4458403758367835
49,A6.1,-0.4613671550947802
50,A6.1,-0.4480584871593529
51,A6.1,-0.4835482683204906
52,A6.1,-0.4868754353043485
53,A6.1,-0.5101656041913443
54,A6.1,-0.5534187749814787
55,A6.1,-0.5722727212233343
56,A6.1,-0.5578549976266225
57,A6.1,-0.5855813891587598
58,A6.1,-0.6133077806908971
59,A6.1,-0.639925116561749
60,A6.1,-0.6454703948681773
0,B6.1,0.32717142007922995
1,B6.1,0.24510130114410167
2,B6.1,0.3060993625148054
3,B6.1,0.2661733587085271
4,B6.1,0.2950088059019502
5,B6.1,0.31164464082123233
6,B6.1,0.24066507849895968
7,B6.1,0.10203312083826788
8,B6.1,0.1319776236929786
9,B6.1,0.08650634158027115
10,B6.1,0.08983350856412775
11,B6.1,0.17190362749925736
12,B6.1,0.22735641056353373
13,B6.1,0.2839182492890955
14,B6.1,0.2617371360633851
15,B6.1,0.24066507849896013
16,B6.1,0.26950052569238325
17,B6.1,0.21515679828939271
18,B6.1,0.1852122954346842
19,B6.1,0.1963028520475385
20,B6.1,0.1375229019994051
21,B6.1,0.1264323453865508
22,B6.1,0.14195912464454707
23,B6.1,0.13974101332197675
24,B6.1,0.1508315699348315
25,B6.1,0.11534178877369516
26,B6.1,0.11090556612855229
27,B6.1,0.07763389628998718
28,B6.1,0.05767089438684758
29,B6.1,0.1441772359671183
30,B6.1,0.03327166983856644
31,B6.1,0.024399224548282028
32,B6.1,0.01219961227414057
33,B6.1,-0.013308667935425511
34,B6.1,-0.032162614177279725
35,B6.1,-0.036598836822423486
36,B6.1,-0.045471282112707456
37,B6.1,-0.05877995004813297
38,B6.1,-0.08317917459641588
39,B6.1,-0.10757839914469702
40,B6.1,-0.12532328972526452
41,B6.1,-0.1286504567091198
42,B6.1,-0.15194062559611776
43,B6.1,-0.14861345861226027
44,B6.1,-0.14306818030583335
45,B6.1,-0.13974101332197675
46,B6.1,-0.1885394624185417
47,B6.1,-0.21737490961196348
48,B6.1,-0.23401074453124782
49,B6.1,-0.2539737464343861
50,B6.1,-0.2639552473859559
51,B6.1,-0.2661733587085271
52,B6.1,-0.26950052569238414
53,B6.1,-0.29833597288580727
54,B6.1,-0.31608086346637565
55,B6.1,-0.3094265294986638
56,B6.1,-0.3304985870630879
57,B6.1,-0.3371529210308015
58,B6.1,-0.3604430899177964
59,B6.1,-0.36266120124036805
60,B6.1,-0.38151514748222226
