Time,Temperature(¡C),A1,A2,A3,A4,A5,A6,A7,A8,A9,A10,A11,A12,B1,B2,B3,B4,B5,B6,B7,B8,B9,B10,B11,B12,C1,C2,C3,C4,C5,C6,C7,C8,C9,C10,C11,C12,D1,D2,D3,D4,D5,D6,D7,D8,D9,D10,D11,D12,E1,E2,E3,E4,E5,E6,E7,E8,E9,E10,E11,E12,F1,F2,F3,F4,F5,F6,F7,F8,F9,F10,F11,F12,G1,G2,G3,G4,G5,G6,G7,G8,G9,G10,G11,G12,H1,H2,H3,H4,H5,H6,H7,H8,H9,H10,H11,H12
0:00:00,37,0.2433,0.2493,0.2564,0.2534,0.2229,0.251,0.2432,0.2434,0.2075,0.2208,0.2291,0.2292,0.286,0.2828,0.2335,0.2519,0.2825,0.2999,0.2186,0.226,0.196,0.2218,0.2521,0.1993,0.3283,0.3212,0.2688,0.2824,0.2517,0.2723,0.2665,0.2729,0.2433,0.2261,0.2451,0.2419,0.2753,0.2725,0.2809,0.2851,0.2466,0.2589,0.2735,0.259,0.2573,0.2515,0.2352,0.2227,0.2755,0.2534,0.2307,0.2456,0.2564,0.2805,0.2681,0.2716,0.2299,0.2313,0.2051,0.2148,0.2973,0.2681,0.2365,0.2362,0.1874,0.2021,0.2667,0.2608,0.2573,0.2524,0.2356,0.2303,0.2982,0.2649,0.261,0.2639,0.2506,0.274,0.2043,0.2233,0.24,0.2318,0.2207,0.2253,0.237,0.2345,0.2362,0.2527,0.2603,0.2568,0.2452,0.2462,0.1854,0.192,0.1734,0.1671
0:01:00,37,0.2401,0.2468,0.2553,0.2583,0.2199,0.2527,0.2448,0.2573,0.2047,0.2268,0.2433,0.246,0.2933,0.2872,0.2333,0.2432,0.285,0.2991,0.2206,0.2256,0.1985,0.2232,0.2683,0.213,0.3321,0.3288,0.2708,0.2796,0.2486,0.2727,0.2706,0.2768,0.2448,0.235,0.2599,0.2623,0.2662,0.2717,0.2858,0.2953,0.2495,0.2586,0.2704,0.2619,0.2563,0.2659,0.245,0.2348,0.2647,0.2589,0.2312,0.2317,0.243,0.2766,0.2682,0.279,0.2268,0.2371,0.2164,0.2287,0.2909,0.2738,0.2341,0.2255,0.177,0.1975,0.2651,0.2673,0.2506,0.2579,0.2521,0.2492,0.293,0.2739,0.2601,0.2615,0.2506,0.2715,0.21,0.2287,0.238,0.2409,0.2302,0.2363,0.2396,0.2342,0.2513,0.2499,0.2607,0.2629,0.2472,0.2518,0.188,0.1963,0.1809,0.177
0:02:00,37,0.2391,0.2461,0.2573,0.2617,0.2214,0.254,0.2488,0.267,0.2031,0.2308,0.2499,0.2521,0.2991,0.2896,0.2346,0.2417,0.2857,0.2987,0.2212,0.2269,0.1986,0.2222,0.2778,0.2227,0.3473,0.3398,0.2725,0.2848,0.2474,0.2725,0.2722,0.2807,0.2448,0.2379,0.2654,0.2673,0.269,0.2727,0.2826,0.2932,0.2563,0.2676,0.2715,0.2637,0.2571,0.2709,0.2489,0.2434,0.2674,0.2598,0.2318,0.233,0.2457,0.2808,0.2702,0.283,0.2281,0.2395,0.2187,0.2344,0.2913,0.2767,0.2341,0.2256,0.177,0.1958,0.2688,0.2738,0.2514,0.2605,0.2565,0.2587,0.2979,0.2791,0.26,0.2636,0.254,0.2773,0.2109,0.2279,0.2408,0.2461,0.2324,0.2438,0.2436,0.2358,0.2534,0.2536,0.2665,0.2667,0.2527,0.2595,0.1898,0.201,0.1862,0.1802
0:03:00,37,0.2388,0.2451,0.2522,0.262,0.2236,0.2548,0.2488,0.2616,0.2015,0.2271,0.2545,0.2543,0.3027,0.2913,0.236,0.2426,0.2825,0.2973,0.2205,0.2253,0.1978,0.2191,0.2868,0.2306,0.366,0.3526,0.2723,0.2848,0.2457,0.2701,0.2723,0.282,0.246,0.2393,0.2603,0.2643,0.2709,0.2757,0.2826,0.2887,0.2637,0.2713,0.2696,0.2642,0.2547,0.2718,0.2524,0.2463,0.2661,0.2614,0.2318,0.232,0.2489,0.2802,0.2719,0.2848,0.2269,0.239,0.2213,0.239,0.2875,0.277,0.2333,0.226,0.178,0.1968,0.2732,0.2686,0.2497,0.2637,0.2626,0.2661,0.2982,0.2828,0.2592,0.2601,0.2508,0.2785,0.2103,0.2273,0.2409,0.2436,0.2315,0.2449,0.2446,0.2371,0.2516,0.2526,0.271,0.2731,0.2559,0.2646,0.1911,0.2018,0.187,0.1798
0:04:00,37,0.2381,0.2439,0.2573,0.2578,0.2247,0.259,0.2491,0.2637,0.1962,0.2295,0.2532,0.2508,0.3098,0.2934,0.2351,0.2431,0.2831,0.2964,0.2224,0.2264,0.1956,0.2188,0.294,0.2367,0.3898,0.3634,0.2711,0.2806,0.2413,0.2561,0.2674,0.2797,0.2465,0.242,0.2599,0.2715,0.2736,0.278,0.2763,0.2768,0.2731,0.2745,0.2654,0.2615,0.2542,0.2674,0.2515,0.2465,0.2651,0.2584,0.2325,0.2309,0.2492,0.2808,0.2702,0.2863,0.2188,0.2393,0.2203,0.2409,0.2802,0.2717,0.2314,0.2245,0.1793,0.1968,0.2696,0.2774,0.2504,0.2611,0.2627,0.2596,0.2916,0.287,0.258,0.2585,0.2526,0.28,0.2104,0.227,0.2387,0.2457,0.2301,0.2451,0.2483,0.2403,0.2523,0.2483,0.2762,0.2792,0.2569,0.2689,0.1887,0.2045,0.1871,0.1822
0:05:00,37,0.237,0.2438,0.2604,0.2614,0.2247,0.2614,0.256,0.2666,0.2,0.2292,0.2515,0.253,0.3155,0.2934,0.236,0.2423,0.2763,0.2869,0.2232,0.2285,0.1977,0.2218,0.3024,0.2417,0.4116,0.3774,0.2645,0.2737,0.2333,0.2555,0.2649,0.2789,0.2457,0.2419,0.2604,0.2705,0.2735,0.2798,0.2627,0.2783,0.2821,0.2738,0.2617,0.2606,0.2485,0.2652,0.2471,0.2464,0.2637,0.2635,0.2323,0.2291,0.2477,0.281,0.2658,0.2782,0.2198,0.2392,0.2177,0.2394,0.2723,0.2673,0.2311,0.2198,0.1809,0.1977,0.2709,0.2843,0.2529,0.2574,0.2634,0.2635,0.3028,0.2898,0.2564,0.2564,0.2594,0.2736,0.2085,0.228,0.2367,0.2431,0.2298,0.2443,0.2486,0.2422,0.2473,0.2438,0.2811,0.2855,0.2606,0.2748,0.1871,0.1976,0.1878,0.1852
0:06:00,37,0.2306,0.2422,0.2602,0.259,0.2289,0.2633,0.2587,0.2749,0.1967,0.2257,0.2508,0.2484,0.3219,0.2927,0.2341,0.2436,0.2675,0.2833,0.2237,0.2232,0.1967,0.2216,0.3052,0.2483,0.4337,0.3901,0.2557,0.2661,0.2316,0.2524,0.2593,0.2739,0.247,0.2334,0.2644,0.2686,0.2742,0.2821,0.2474,0.2745,0.2918,0.2762,0.2603,0.2586,0.2434,0.262,0.2441,0.2486,0.2659,0.2667,0.2324,0.2246,0.2463,0.2832,0.2628,0.2719,0.2236,0.2402,0.2142,0.2357,0.2665,0.2628,0.2269,0.2192,0.1816,0.1978,0.2739,0.2919,0.2528,0.2555,0.2643,0.2601,0.3065,0.2864,0.2521,0.2569,0.2594,0.2797,0.2138,0.2282,0.2384,0.2421,0.2242,0.2399,0.2527,0.2397,0.2444,0.2426,0.2873,0.2885,0.2586,0.2796,0.1946,0.2074,0.1841,0.1838
0:07:00,37,0.2292,0.2398,0.2627,0.2629,0.2319,0.2615,0.2664,0.2793,0.1932,0.2252,0.2509,0.2599,0.329,0.2945,0.2334,0.2424,0.2601,0.2723,0.2238,0.2246,0.1952,0.2218,0.3092,0.249,0.463,0.4025,0.253,0.2567,0.2293,0.249,0.2515,0.2752,0.2475,0.2261,0.2663,0.2579,0.2727,0.2828,0.2356,0.2684,0.303,0.2804,0.2578,0.2552,0.2379,0.2623,0.2358,0.2471,0.2652,0.2645,0.2317,0.2225,0.238,0.2825,0.2605,0.266,0.2184,0.2384,0.2073,0.2297,0.2582,0.2615,0.2271,0.216,0.1826,0.1984,0.2767,0.3024,0.2568,0.2637,0.2536,0.2621,0.3043,0.2888,0.2505,0.2534,0.2635,0.2793,0.2162,0.2282,0.2405,0.2379,0.2219,0.2364,0.2528,0.245,0.2446,0.2397,0.2935,0.2919,0.2583,0.283,0.1969,0.2089,0.1844,0.1823
0:08:00,37,0.2231,0.2371,0.2669,0.2638,0.2361,0.2634,0.2726,0.2891,0.1851,0.2173,0.2523,0.258,0.3398,0.2972,0.2322,0.2414,0.2521,0.2723,0.22,0.2238,0.1975,0.2201,0.315,0.2557,0.4967,0.4193,0.2485,0.2485,0.2302,0.2439,0.2442,0.2743,0.2414,0.2182,0.2643,0.2634,0.2717,0.2848,0.2288,0.2626,0.3141,0.2869,0.2532,0.2531,0.2359,0.2604,0.24,0.2436,0.2694,0.264,0.2299,0.2187,0.251,0.2838,0.2553,0.2607,0.216,0.2332,0.2056,0.2284,0.2518,0.2555,0.2233,0.2103,0.1835,0.1988,0.2782,0.3131,0.2573,0.2654,0.2573,0.2608,0.3076,0.2998,0.2502,0.2539,0.2631,0.2783,0.2148,0.2285,0.2368,0.2308,0.2194,0.2313,0.2555,0.25,0.2431,0.2366,0.2924,0.2982,0.2562,0.2851,0.1982,0.2086,0.195,0.1828
0:09:00,37,0.2258,0.2351,0.2698,0.2653,0.2393,0.2626,0.2788,0.2955,0.191,0.2111,0.2531,0.2495,0.3391,0.3048,0.2311,0.2383,0.2443,0.2688,0.2135,0.2114,0.1925,0.2124,0.3207,0.2612,0.5315,0.4369,0.2466,0.2437,0.2345,0.2401,0.2412,0.2748,0.2402,0.2335,0.263,0.2565,0.2724,0.285,0.2256,0.2589,0.3246,0.293,0.2514,0.2502,0.2344,0.2588,0.2341,0.24,0.2676,0.2633,0.2302,0.219,0.2524,0.2818,0.2517,0.2541,0.2142,0.2295,0.2016,0.2248,0.2468,0.2509,0.2205,0.2,0.1836,0.2023,0.2827,0.3269,0.2599,0.2643,0.257,0.2515,0.3134,0.3087,0.2508,0.2505,0.2666,0.2789,0.216,0.2247,0.2349,0.2274,0.2185,0.2271,0.2553,0.2523,0.2408,0.2344,0.2969,0.3026,0.2589,0.285,0.1988,0.2103,0.1878,0.1745
0:10:00,37,0.223,0.2321,0.2757,0.2683,0.233,0.2675,0.2847,0.3073,0.1923,0.2116,0.2498,0.247,0.351,0.3125,0.2311,0.2389,0.2394,0.2675,0.2111,0.2124,0.193,0.2081,0.3285,0.2719,0.5722,0.4588,0.242,0.2412,0.2364,0.2371,0.2384,0.2736,0.2353,0.2306,0.2573,0.2458,0.2749,0.282,0.2228,0.2559,0.334,0.3038,0.2486,0.2491,0.2331,0.2592,0.2305,0.2365,0.2675,0.2584,0.2283,0.2213,0.2463,0.2806,0.2488,0.2498,0.2156,0.2167,0.2041,0.2197,0.2436,0.2498,0.2173,0.2021,0.184,0.2026,0.2872,0.3306,0.2612,0.2635,0.2543,0.2608,0.3139,0.3129,0.2507,0.2469,0.27,0.2767,0.2092,0.2178,0.2294,0.2275,0.214,0.2218,0.2511,0.2605,0.2396,0.2328,0.3054,0.3061,0.2574,0.288,0.2012,0.211,0.1902,0.1796
0:11:00,37,0.2176,0.2263,0.2754,0.2592,0.2278,0.2642,0.2891,0.3125,0.1907,0.2152,0.2448,0.24,0.347,0.3159,0.2334,0.2383,0.2359,0.2655,0.2115,0.2154,0.1889,0.2147,0.3381,0.2801,0.6126,0.4811,0.2414,0.2384,0.2323,0.234,0.238,0.2694,0.2327,0.2204,0.2489,0.2439,0.2759,0.2805,0.223,0.2515,0.338,0.3231,0.2457,0.241,0.2311,0.2587,0.2286,0.2276,0.2705,0.2606,0.228,0.2203,0.248,0.2797,0.2456,0.2433,0.2153,0.2198,0.2027,0.2163,0.2427,0.2513,0.2138,0.2056,0.1846,0.206,0.2933,0.3478,0.261,0.2613,0.2525,0.2571,0.3195,0.3213,0.2473,0.2462,0.2763,0.2756,0.1951,0.2284,0.2265,0.2331,0.2126,0.2229,0.2532,0.2642,0.2376,0.2325,0.3083,0.31,0.2577,0.2914,0.2022,0.2102,0.1921,0.179
0:12:00,37,0.2111,0.2257,0.276,0.2561,0.2338,0.265,0.2982,0.3196,0.1903,0.214,0.2392,0.2359,0.3677,0.3216,0.2353,0.2395,0.2315,0.2657,0.2116,0.2082,0.1868,0.2112,0.3517,0.2897,0.6553,0.5059,0.2391,0.236,0.2265,0.2304,0.2402,0.2681,0.2301,0.2251,0.2534,0.2402,0.2778,0.2846,0.222,0.2479,0.337,0.3383,0.2414,0.2378,0.2295,0.2557,0.2253,0.2315,0.2706,0.2576,0.2276,0.2206,0.2475,0.2842,0.2426,0.2386,0.2166,0.2277,0.2009,0.2144,0.2444,0.2434,0.2118,0.2082,0.1845,0.2044,0.2981,0.3516,0.257,0.2567,0.2539,0.258,0.3236,0.3256,0.2445,0.245,0.2778,0.2741,0.2059,0.2229,0.2259,0.2353,0.2131,0.2226,0.2606,0.2708,0.2345,0.2306,0.3173,0.3133,0.2587,0.2872,0.2055,0.2097,0.1889,0.1795
0:13:00,37,0.2092,0.2255,0.2778,0.2508,0.2366,0.2659,0.3051,0.3239,0.19,0.2121,0.2393,0.2314,0.3786,0.328,0.2322,0.2394,0.2296,0.2651,0.2064,0.2133,0.1857,0.2076,0.3638,0.3008,0.6982,0.5293,0.2359,0.2349,0.2316,0.2295,0.2431,0.2638,0.2269,0.2182,0.2555,0.239,0.2805,0.2907,0.2222,0.2469,0.3504,0.3594,0.2428,0.2385,0.2301,0.2517,0.2266,0.2316,0.2707,0.2543,0.2279,0.2211,0.2472,0.286,0.2416,0.2349,0.2175,0.2257,0.1994,0.2122,0.2479,0.2457,0.21,0.209,0.1859,0.2017,0.3045,0.3567,0.26,0.2565,0.251,0.2555,0.3304,0.3304,0.247,0.2459,0.2808,0.2732,0.2045,0.2171,0.223,0.2349,0.2131,0.2206,0.2653,0.2748,0.2352,0.229,0.3212,0.3176,0.2642,0.2912,0.2073,0.2094,0.1932,0.179
0:14:00,37,0.2084,0.2191,0.2811,0.2553,0.2369,0.2686,0.3101,0.3244,0.1887,0.2145,0.2347,0.2274,0.3893,0.3346,0.2305,0.2368,0.2305,0.2661,0.2116,0.2072,0.1935,0.2053,0.3744,0.3126,0.7433,0.5561,0.2368,0.2336,0.2315,0.2308,0.2462,0.2649,0.2249,0.2101,0.2452,0.2376,0.2825,0.2869,0.2238,0.2433,0.365,0.3474,0.2445,0.2418,0.2328,0.2526,0.2277,0.2292,0.2727,0.2612,0.2294,0.2219,0.2411,0.2862,0.2429,0.2347,0.2249,0.2234,0.1999,0.2127,0.2509,0.2394,0.2104,0.2074,0.1856,0.2014,0.3116,0.3708,0.2567,0.2565,0.2495,0.253,0.3416,0.336,0.2516,0.249,0.2816,0.2731,0.207,0.2214,0.223,0.234,0.2128,0.2169,0.2729,0.2798,0.239,0.2303,0.3325,0.3227,0.27,0.2896,0.209,0.2114,0.1934,0.1831
0:15:00,37,0.21,0.2178,0.292,0.2613,0.2419,0.2724,0.3216,0.3246,0.1922,0.215,0.229,0.2247,0.4,0.3423,0.2315,0.2216,0.2282,0.262,0.2087,0.2121,0.1917,0.2077,0.3812,0.3247,0.7909,0.5786,0.2377,0.2348,0.2312,0.2336,0.2504,0.2656,0.2255,0.2113,0.2502,0.2368,0.2815,0.2802,0.2241,0.2416,0.3762,0.3491,0.2433,0.242,0.2346,0.2534,0.2286,0.2295,0.278,0.2635,0.2309,0.2205,0.2476,0.2813,0.2417,0.2353,0.224,0.2231,0.1993,0.2117,0.2532,0.2351,0.2069,0.2053,0.188,0.2016,0.3173,0.3795,0.2603,0.2567,0.2523,0.2488,0.3475,0.3467,0.2496,0.2492,0.2843,0.2728,0.2073,0.2244,0.222,0.2314,0.2148,0.2198,0.2742,0.2859,0.2351,0.2314,0.3355,0.3274,0.2738,0.2964,0.2094,0.2126,0.1962,0.1838
0:16:00,37,0.2081,0.2156,0.2968,0.2662,0.2474,0.2723,0.3255,0.3287,0.192,0.2136,0.2259,0.2222,0.4094,0.3523,0.2332,0.2302,0.2303,0.2614,0.2101,0.211,0.1951,0.2051,0.3916,0.3381,0.8397,0.6035,0.2375,0.2324,0.2292,0.2356,0.2538,0.2687,0.2262,0.2115,0.253,0.2382,0.2818,0.2861,0.224,0.2425,0.3915,0.358,0.2433,0.2382,0.236,0.2575,0.2269,0.2255,0.2841,0.2626,0.2327,0.224,0.2532,0.2822,0.2413,0.232,0.2164,0.2226,0.1994,0.2093,0.2536,0.2357,0.2056,0.2074,0.1894,0.2025,0.3238,0.391,0.2633,0.2619,0.2529,0.2487,0.3586,0.3551,0.2498,0.2497,0.2931,0.2742,0.2102,0.2218,0.223,0.2289,0.2148,0.2181,0.278,0.2904,0.2315,0.2311,0.3402,0.3344,0.2759,0.3027,0.2116,0.2135,0.1959,0.1872
0:17:00,37,0.2106,0.2171,0.3006,0.2713,0.2568,0.2742,0.3313,0.3385,0.1949,0.2139,0.2266,0.2231,0.4251,0.3635,0.2374,0.2287,0.2316,0.2558,0.2117,0.2089,0.1949,0.2034,0.4035,0.351,0.8889,0.6339,0.2394,0.2361,0.2305,0.2362,0.2546,0.2688,0.2252,0.2114,0.2468,0.2354,0.2822,0.2882,0.2273,0.2433,0.4057,0.3666,0.2468,0.2351,0.2384,0.2519,0.2281,0.222,0.2878,0.267,0.2355,0.2249,0.2568,0.2866,0.244,0.2343,0.2199,0.226,0.2021,0.2087,0.256,0.2406,0.2072,0.2016,0.1921,0.2068,0.3315,0.4022,0.2658,0.264,0.2545,0.2484,0.3654,0.3633,0.2508,0.2512,0.2957,0.2744,0.2103,0.2271,0.2224,0.2288,0.2139,0.2217,0.2834,0.2958,0.232,0.2333,0.3458,0.3424,0.2803,0.3042,0.2154,0.2175,0.1986,0.1898
0:18:00,37,0.2139,0.2215,0.3054,0.271,0.2587,0.2759,0.3393,0.3492,0.1964,0.2114,0.2266,0.2225,0.4395,0.3749,0.2379,0.2317,0.2344,0.2589,0.2117,0.2096,0.1981,0.2061,0.4181,0.3651,0.9393,0.6675,0.2434,0.236,0.2262,0.2406,0.2554,0.2671,0.2235,0.2139,0.2473,0.2349,0.2853,0.2903,0.2286,0.2435,0.4171,0.3754,0.2477,0.2351,0.2415,0.2589,0.2284,0.2237,0.291,0.2701,0.2367,0.224,0.2611,0.2845,0.2436,0.2386,0.2253,0.221,0.2022,0.2109,0.2566,0.2423,0.2092,0.2029,0.1945,0.2076,0.341,0.4184,0.27,0.2648,0.2578,0.2488,0.3708,0.368,0.2515,0.2513,0.2929,0.2766,0.2127,0.2296,0.2251,0.2277,0.2163,0.2225,0.2895,0.3007,0.2304,0.2337,0.3502,0.348,0.2847,0.3086,0.2175,0.2171,0.199,0.1915
0:19:00,37,0.2147,0.2219,0.3063,0.2743,0.2638,0.2808,0.3482,0.3607,0.1984,0.2127,0.2279,0.2237,0.4546,0.3878,0.2391,0.2331,0.2407,0.2655,0.2128,0.2167,0.1983,0.2048,0.4332,0.381,0.9904,0.6993,0.2453,0.2384,0.2268,0.2392,0.2556,0.2689,0.2259,0.2144,0.2465,0.2333,0.2886,0.2938,0.2312,0.2448,0.4326,0.3832,0.2492,0.2371,0.2437,0.2572,0.2296,0.2233,0.295,0.2736,0.2368,0.2253,0.2627,0.2881,0.2403,0.24,0.2293,0.2198,0.2035,0.2097,0.2585,0.2418,0.2102,0.2056,0.1975,0.2122,0.3506,0.4316,0.2719,0.2656,0.2611,0.2474,0.3766,0.3747,0.2538,0.2526,0.292,0.276,0.2127,0.2302,0.2249,0.2311,0.2188,0.2233,0.2941,0.3076,0.232,0.2343,0.3574,0.3542,0.2888,0.3152,0.2194,0.2215,0.2012,0.1932
0:20:00,37,0.2195,0.224,0.3118,0.2813,0.2689,0.2848,0.3601,0.3743,0.1999,0.2156,0.2306,0.2256,0.4709,0.4007,0.2413,0.2315,0.245,0.2702,0.2147,0.2184,0.2023,0.2043,0.4501,0.393,1.0404,0.7307,0.2472,0.2398,0.2268,0.2407,0.2593,0.2724,0.2304,0.2155,0.2475,0.2347,0.2933,0.2955,0.2324,0.2502,0.4475,0.3942,0.2499,0.2379,0.2454,0.2551,0.2313,0.2251,0.2989,0.2747,0.2393,0.2262,0.2684,0.2906,0.2406,0.2429,0.232,0.2242,0.2051,0.211,0.257,0.2435,0.2125,0.2055,0.2005,0.2134,0.3608,0.4475,0.2762,0.2685,0.2636,0.2492,0.3842,0.3772,0.2557,0.2534,0.294,0.2762,0.216,0.2303,0.2276,0.2321,0.2212,0.2255,0.2981,0.3136,0.2323,0.2347,0.364,0.3612,0.2932,0.3199,0.222,0.2241,0.2029,0.1971
0:21:00,37,0.2228,0.2249,0.3163,0.2888,0.2719,0.287,0.3724,0.3868,0.201,0.2145,0.2306,0.2264,0.4877,0.4132,0.243,0.232,0.2497,0.2718,0.2161,0.2201,0.206,0.2088,0.4651,0.4081,1.0886,0.7646,0.2481,0.2428,0.228,0.2399,0.2624,0.2745,0.2295,0.2175,0.2489,0.2358,0.2951,0.296,0.2357,0.2555,0.4637,0.4017,0.2489,0.2389,0.2485,0.255,0.2332,0.2255,0.3027,0.2784,0.2388,0.2281,0.2737,0.2931,0.2421,0.245,0.2369,0.2267,0.2076,0.2099,0.2604,0.2441,0.2139,0.203,0.204,0.2156,0.3709,0.4557,0.2798,0.2749,0.2668,0.2513,0.3941,0.3813,0.2561,0.2541,0.2985,0.2786,0.2206,0.235,0.2297,0.2356,0.2242,0.2286,0.3048,0.3216,0.234,0.233,0.3731,0.3696,0.2991,0.3217,0.2257,0.2265,0.2049,0.2002
0:22:00,37,0.2243,0.2267,0.3213,0.2937,0.2772,0.2887,0.3845,0.4017,0.2044,0.2149,0.2299,0.2281,0.5049,0.4259,0.2454,0.2349,0.2517,0.2748,0.2202,0.2233,0.206,0.2085,0.4809,0.4222,1.1369,0.7955,0.2518,0.2428,0.2293,0.2408,0.2656,0.2761,0.2337,0.2212,0.2497,0.238,0.2986,0.2975,0.2378,0.2583,0.4812,0.4137,0.2469,0.2404,0.2525,0.2569,0.2358,0.2267,0.3066,0.2819,0.2409,0.2309,0.2777,0.2943,0.2418,0.2477,0.2396,0.2254,0.2097,0.2135,0.2602,0.2451,0.2138,0.2015,0.2067,0.219,0.3791,0.4738,0.2828,0.2784,0.2703,0.2537,0.4041,0.3887,0.2594,0.2559,0.3016,0.2803,0.2206,0.2336,0.2328,0.2383,0.228,0.2313,0.3098,0.3269,0.2345,0.2301,0.3788,0.3762,0.3023,0.326,0.2274,0.2291,0.2057,0.2015
0:23:00,37,0.228,0.2276,0.3284,0.3008,0.2807,0.2927,0.3972,0.4182,0.2073,0.2174,0.2347,0.2304,0.5241,0.4394,0.2454,0.2352,0.254,0.2768,0.2235,0.227,0.2089,0.2114,0.4971,0.4364,1.1801,0.8276,0.2542,0.2477,0.2301,0.2418,0.2683,0.2762,0.2365,0.221,0.25,0.2407,0.3014,0.2959,0.2391,0.2612,0.4955,0.4214,0.2507,0.2404,0.2555,0.2568,0.2385,0.2284,0.3105,0.2884,0.2441,0.2332,0.2835,0.2987,0.2445,0.2491,0.2412,0.2261,0.2115,0.2165,0.261,0.2455,0.2171,0.2059,0.2071,0.2195,0.3895,0.4842,0.2852,0.2828,0.2727,0.2551,0.4111,0.3971,0.2625,0.2571,0.3053,0.2811,0.2235,0.2404,0.2352,0.2413,0.2296,0.2341,0.3162,0.3347,0.2353,0.2358,0.3886,0.3842,0.3075,0.3303,0.2312,0.2307,0.2083,0.2056
0:24:00,37,0.2288,0.2293,0.3354,0.307,0.2844,0.2945,0.4094,0.4342,0.2091,0.2186,0.2363,0.2324,0.5418,0.4506,0.2483,0.2363,0.258,0.2806,0.2256,0.229,0.2144,0.2123,0.5125,0.4557,1.2226,0.8584,0.256,0.2505,0.234,0.2431,0.2706,0.2785,0.2396,0.223,0.2521,0.2424,0.3041,0.3,0.2416,0.2639,0.5054,0.432,0.2516,0.2406,0.259,0.2568,0.2416,0.2314,0.3151,0.2922,0.2463,0.2362,0.2839,0.301,0.2498,0.2512,0.2451,0.2306,0.2138,0.2185,0.2607,0.2474,0.2186,0.2067,0.2067,0.2199,0.4006,0.5007,0.291,0.2866,0.2781,0.2582,0.4189,0.4088,0.2634,0.2591,0.3091,0.2831,0.2271,0.24,0.2379,0.2437,0.2334,0.237,0.3223,0.341,0.2374,0.233,0.395,0.3917,0.3112,0.3357,0.2341,0.233,0.2112,0.2089
0:25:00,37,0.2333,0.2313,0.344,0.315,0.2893,0.2989,0.4219,0.4483,0.2126,0.2211,0.2403,0.2354,0.5593,0.4633,0.252,0.2396,0.2605,0.2812,0.228,0.2315,0.2166,0.214,0.5199,0.4637,1.264,0.8904,0.2583,0.2539,0.2354,0.2446,0.2729,0.2763,0.2442,0.226,0.2536,0.2451,0.307,0.3017,0.2438,0.2635,0.5186,0.4411,0.2543,0.2406,0.2613,0.2599,0.2438,0.2343,0.3193,0.2983,0.25,0.2395,0.2919,0.3037,0.2526,0.2535,0.2491,0.2323,0.2184,0.2207,0.2596,0.249,0.2207,0.2069,0.2062,0.2241,0.4112,0.5104,0.2933,0.2896,0.2821,0.262,0.4275,0.4187,0.2654,0.2627,0.3143,0.2864,0.23,0.2456,0.2413,0.246,0.2367,0.2402,0.3281,0.3469,0.239,0.2346,0.4039,0.4012,0.3161,0.3426,0.2373,0.2353,0.2139,0.2118
0:26:00,37,0.235,0.2343,0.3522,0.321,0.2937,0.3027,0.4351,0.4603,0.2164,0.222,0.2425,0.2378,0.5777,0.4757,0.2543,0.2428,0.2622,0.2824,0.2315,0.2335,0.2192,0.2156,0.5303,0.4794,1.3023,0.9223,0.2587,0.258,0.2369,0.2469,0.2766,0.2755,0.2469,0.2276,0.2552,0.2466,0.3114,0.304,0.2476,0.2669,0.5315,0.4492,0.2551,0.2451,0.2636,0.2617,0.247,0.2372,0.3237,0.3011,0.253,0.2395,0.2924,0.309,0.2548,0.2544,0.2528,0.2349,0.2191,0.2231,0.2595,0.2502,0.2224,0.2096,0.2079,0.2261,0.4213,0.5283,0.2978,0.2942,0.2867,0.2656,0.4366,0.4271,0.2668,0.2654,0.3175,0.2892,0.2328,0.2491,0.2451,0.2482,0.2405,0.2429,0.332,0.3538,0.2418,0.2353,0.4107,0.4078,0.3204,0.345,0.2385,0.2374,0.2159,0.215
0:27:00,37,0.2387,0.2382,0.3598,0.3271,0.2992,0.3062,0.4506,0.4746,0.2199,0.2252,0.2441,0.2414,0.5955,0.4878,0.257,0.2462,0.2634,0.281,0.2348,0.235,0.2214,0.218,0.5382,0.4984,1.3398,0.9548,0.2601,0.2589,0.2392,0.2494,0.279,0.2776,0.2512,0.2304,0.2573,0.25,0.3152,0.3071,0.2494,0.2695,0.5442,0.4589,0.2571,0.2487,0.2671,0.2634,0.2502,0.2397,0.3285,0.3083,0.2567,0.2415,0.2981,0.3131,0.2573,0.2558,0.2553,0.239,0.2225,0.2253,0.2612,0.2518,0.2245,0.2126,0.2118,0.2287,0.4333,0.5354,0.3026,0.2991,0.2912,0.2684,0.4461,0.4367,0.266,0.2654,0.321,0.2903,0.2353,0.2507,0.2489,0.2505,0.2415,0.246,0.3378,0.3604,0.2432,0.2368,0.4189,0.4155,0.3255,0.3505,0.2438,0.2405,0.219,0.2193
0:28:00,37,0.2408,0.2408,0.3679,0.3332,0.3028,0.3095,0.465,0.4883,0.222,0.2273,0.2472,0.2436,0.6147,0.5016,0.261,0.2498,0.2657,0.2828,0.2381,0.2396,0.2255,0.2202,0.5522,0.4986,1.3755,0.9884,0.2608,0.2612,0.2415,0.2519,0.2821,0.2819,0.2547,0.235,0.2616,0.2535,0.3194,0.3091,0.2504,0.2716,0.5567,0.4679,0.2582,0.2504,0.27,0.2656,0.2532,0.2429,0.3318,0.3134,0.2587,0.2419,0.3015,0.3168,0.2569,0.2573,0.2587,0.2408,0.2249,0.2267,0.2635,0.253,0.227,0.2136,0.2161,0.2293,0.443,0.5517,0.3063,0.3029,0.2948,0.2726,0.4555,0.4459,0.2681,0.2674,0.3254,0.2927,0.2391,0.2538,0.2528,0.2533,0.2449,0.2501,0.3428,0.3679,0.2446,0.235,0.4269,0.4234,0.3308,0.3554,0.2461,0.2441,0.2226,0.2213
0:29:00,37,0.2447,0.2451,0.3747,0.3398,0.3071,0.3128,0.4782,0.5015,0.2257,0.2301,0.2512,0.2473,0.6325,0.5152,0.2643,0.2536,0.2683,0.2823,0.2426,0.2423,0.2291,0.2231,0.5587,0.5133,1.4097,1.019,0.2585,0.2617,0.2444,0.2523,0.2843,0.2866,0.2587,0.2386,0.2645,0.2555,0.3215,0.3131,0.254,0.2734,0.5725,0.4756,0.2598,0.2525,0.2734,0.2666,0.2552,0.245,0.3368,0.3207,0.2634,0.2452,0.3069,0.3217,0.2585,0.2611,0.2638,0.2447,0.2286,0.2297,0.2657,0.2538,0.23,0.217,0.2199,0.2337,0.4546,0.5591,0.3122,0.3085,0.2991,0.2772,0.4645,0.4544,0.2701,0.2667,0.3296,0.2961,0.2424,0.2565,0.2565,0.2571,0.2488,0.253,0.3477,0.3738,0.2472,0.2357,0.4327,0.4305,0.335,0.3593,0.2478,0.2459,0.2254,0.2242
0:30:00,37,0.2463,0.245,0.3829,0.3442,0.3101,0.3159,0.4935,0.5176,0.2271,0.2318,0.2528,0.2492,0.6513,0.5292,0.2679,0.2573,0.2693,0.2844,0.2472,0.2453,0.2314,0.224,0.5601,0.526,1.4421,1.05,0.2585,0.2633,0.2473,0.2514,0.2871,0.2894,0.2626,0.2424,0.2673,0.2585,0.3227,0.3166,0.2558,0.2742,0.5856,0.4862,0.2598,0.2544,0.276,0.2688,0.2569,0.2477,0.3426,0.3251,0.2675,0.2477,0.3128,0.3259,0.26,0.2638,0.2663,0.2475,0.232,0.2338,0.2694,0.2559,0.2333,0.2193,0.2224,0.2346,0.4662,0.5767,0.3169,0.3128,0.3041,0.281,0.4733,0.4647,0.273,0.2684,0.3338,0.2997,0.2459,0.2606,0.2602,0.2577,0.2534,0.2556,0.3519,0.3808,0.2506,0.2396,0.4404,0.4382,0.3385,0.3627,0.2518,0.25,0.2279,0.2281
0:31:00,37,0.2498,0.2478,0.3906,0.3508,0.3142,0.3199,0.5076,0.5308,0.2306,0.2342,0.2551,0.2517,0.6702,0.5439,0.2714,0.2598,0.2715,0.2871,0.251,0.2488,0.2342,0.2283,0.5828,0.5392,1.4745,1.0789,0.2609,0.2642,0.2507,0.2513,0.2904,0.29,0.2672,0.2459,0.2698,0.2623,0.3223,0.32,0.2569,0.278,0.5949,0.4974,0.2626,0.2584,0.2756,0.272,0.261,0.2505,0.3453,0.3308,0.2712,0.2507,0.3194,0.3316,0.2617,0.2677,0.271,0.2504,0.2353,0.236,0.2688,0.2597,0.2358,0.2232,0.224,0.2377,0.4771,0.5857,0.3225,0.3179,0.3093,0.2855,0.4825,0.4734,0.274,0.2688,0.3367,0.303,0.2477,0.2631,0.264,0.2609,0.2556,0.2603,0.3579,0.3863,0.2516,0.2421,0.4461,0.4448,0.3426,0.3645,0.2532,0.2509,0.2312,0.2307
0:32:00,37,0.2535,0.2517,0.3989,0.3587,0.3198,0.3237,0.5235,0.5464,0.2338,0.2367,0.259,0.256,0.6878,0.5582,0.2746,0.263,0.2727,0.2889,0.2553,0.2511,0.2381,0.2302,0.5746,0.5627,1.5041,1.1084,0.2601,0.2665,0.253,0.2528,0.294,0.2915,0.2701,0.2489,0.2733,0.2652,0.325,0.3252,0.2604,0.2797,0.6061,0.5053,0.2662,0.2607,0.2742,0.2747,0.2641,0.2543,0.3485,0.3367,0.2749,0.2518,0.3247,0.3343,0.2611,0.2693,0.2745,0.2529,0.2375,0.239,0.2704,0.261,0.2372,0.2255,0.2264,0.2385,0.487,0.6012,0.3265,0.3227,0.3128,0.2889,0.4931,0.4828,0.2776,0.2725,0.3407,0.3068,0.252,0.2675,0.2681,0.263,0.259,0.2624,0.3641,0.3942,0.2548,0.2441,0.4537,0.4522,0.3481,0.3696,0.2567,0.2563,0.2345,0.2341
0:33:00,37,0.257,0.2551,0.4073,0.3664,0.324,0.3274,0.5377,0.5609,0.2378,0.2401,0.2628,0.2593,0.7049,0.5725,0.2776,0.268,0.2744,0.2933,0.2595,0.2541,0.2407,0.2328,0.5867,0.5762,1.5274,1.1353,0.2642,0.2691,0.2558,0.2552,0.2983,0.2942,0.2751,0.2516,0.2757,0.2692,0.3282,0.3282,0.262,0.2807,0.6173,0.5135,0.2669,0.2636,0.2728,0.2762,0.267,0.2572,0.354,0.3414,0.2795,0.2555,0.3312,0.3404,0.2614,0.273,0.2784,0.2576,0.2414,0.2419,0.2696,0.2629,0.2389,0.2275,0.2302,0.2413,0.4961,0.607,0.3307,0.3268,0.3171,0.2921,0.4996,0.4928,0.2808,0.2764,0.3442,0.3089,0.2554,0.2712,0.2721,0.2646,0.262,0.2663,0.3707,0.4004,0.2576,0.2456,0.4616,0.4591,0.3524,0.3731,0.2606,0.2585,0.2387,0.2389
0:34:00,37,0.2602,0.2574,0.4143,0.3732,0.3273,0.3308,0.5528,0.5789,0.2406,0.2427,0.2657,0.2627,0.7244,0.5878,0.2822,0.2715,0.2755,0.2974,0.2653,0.258,0.2452,0.2364,0.607,0.5735,1.5763,1.1641,0.2664,0.2701,0.2583,0.2579,0.3027,0.2975,0.2794,0.2544,0.2794,0.2723,0.331,0.3323,0.2641,0.2833,0.6284,0.5223,0.271,0.2679,0.2733,0.2794,0.2701,0.2594,0.3596,0.3474,0.2831,0.2592,0.3364,0.3453,0.2633,0.2726,0.2828,0.261,0.2443,0.2443,0.2712,0.2656,0.2412,0.2314,0.2335,0.2443,0.507,0.6227,0.3361,0.3324,0.3215,0.2969,0.5002,0.5017,0.2827,0.2768,0.348,0.3132,0.2587,0.2738,0.2761,0.266,0.2651,0.2698,0.3767,0.4075,0.2612,0.2483,0.4681,0.4653,0.3558,0.3755,0.263,0.2623,0.2414,0.241
0:35:00,37,0.2633,0.2602,0.4224,0.3796,0.3318,0.3342,0.5675,0.5937,0.2448,0.2465,0.2692,0.2665,0.7405,0.6015,0.285,0.2749,0.2773,0.301,0.2711,0.2618,0.2486,0.2396,0.6201,0.5861,1.605,1.1907,0.2668,0.2722,0.2621,0.2614,0.3081,0.3007,0.2839,0.2579,0.2829,0.2748,0.3331,0.335,0.2651,0.2856,0.6393,0.5342,0.2736,0.2696,0.2767,0.2825,0.2729,0.2625,0.3655,0.3525,0.2869,0.2612,0.341,0.35,0.2652,0.2721,0.2863,0.2648,0.2474,0.2474,0.2734,0.2674,0.2412,0.2331,0.2363,0.2469,0.5161,0.6293,0.3415,0.337,0.3249,0.3007,0.5126,0.5104,0.2849,0.2813,0.3534,0.3154,0.2616,0.2785,0.2808,0.2696,0.2685,0.2726,0.3833,0.413,0.2622,0.2508,0.4742,0.4726,0.3593,0.379,0.2654,0.2648,0.2447,0.2447
0:36:00,37,0.2668,0.2658,0.4298,0.3857,0.3351,0.339,0.5821,0.6068,0.2481,0.2488,0.2723,0.2697,0.758,0.6152,0.2882,0.278,0.2769,0.3023,0.2758,0.2648,0.2506,0.2421,0.6337,0.6004,1.6212,1.2152,0.2694,0.2731,0.2655,0.2606,0.3111,0.3038,0.2888,0.2624,0.2865,0.2793,0.3351,0.3387,0.2682,0.2881,0.648,0.5417,0.276,0.2724,0.2811,0.2854,0.2761,0.2654,0.3714,0.3593,0.2908,0.2641,0.3458,0.3559,0.2662,0.2728,0.29,0.2679,0.2507,0.2511,0.2754,0.2718,0.2433,0.2367,0.2395,0.2487,0.5249,0.6428,0.3464,0.3417,0.3292,0.3036,0.5177,0.5199,0.2887,0.283,0.3554,0.319,0.2668,0.2825,0.2859,0.2753,0.2718,0.2757,0.3891,0.4196,0.266,0.2537,0.4811,0.4791,0.3621,0.3829,0.2686,0.2687,0.2482,0.2474
0:37:00,37,0.2706,0.2676,0.438,0.3926,0.3412,0.3426,0.5967,0.6227,0.2516,0.2531,0.2768,0.2739,0.7751,0.6292,0.2919,0.2814,0.2775,0.3008,0.2804,0.2691,0.2544,0.2436,0.6461,0.6287,1.6278,1.2388,0.2717,0.2717,0.2678,0.2645,0.3141,0.3089,0.2931,0.2659,0.29,0.2817,0.3375,0.3411,0.2692,0.2894,0.658,0.5472,0.2781,0.2752,0.2825,0.2887,0.2792,0.2686,0.3773,0.365,0.2956,0.2673,0.3521,0.3608,0.2681,0.2719,0.2956,0.2712,0.2543,0.2551,0.277,0.2748,0.2466,0.2398,0.2421,0.2504,0.5335,0.6502,0.352,0.3464,0.3336,0.3082,0.5276,0.529,0.293,0.2864,0.3597,0.321,0.2685,0.2866,0.2895,0.2812,0.2753,0.2797,0.3958,0.4261,0.2679,0.2554,0.4887,0.4859,0.3665,0.384,0.2733,0.2707,0.2521,0.2506
0:38:00,37,0.2733,0.2697,0.444,0.3978,0.3429,0.3463,0.6091,0.6372,0.2545,0.2562,0.279,0.2769,0.7947,0.6436,0.2958,0.2841,0.279,0.2942,0.2841,0.2719,0.2576,0.2473,0.6593,0.6378,1.6583,1.2634,0.2739,0.2729,0.2723,0.2658,0.3188,0.3132,0.2977,0.2698,0.2932,0.2853,0.3408,0.344,0.2718,0.2896,0.6669,0.556,0.2805,0.2787,0.2849,0.292,0.2825,0.2713,0.3825,0.3705,0.2975,0.2713,0.3564,0.3652,0.2685,0.2739,0.2985,0.2753,0.2575,0.2578,0.2794,0.2776,0.2491,0.2436,0.2455,0.2553,0.5427,0.6644,0.3566,0.353,0.3383,0.3118,0.5375,0.5373,0.2943,0.2899,0.3626,0.3247,0.2719,0.2885,0.2931,0.2858,0.2782,0.2814,0.4033,0.4329,0.2722,0.2584,0.4966,0.493,0.3707,0.3891,0.2763,0.2749,0.2563,0.2541
0:39:00,37,0.2773,0.2743,0.4531,0.4046,0.3485,0.3501,0.6242,0.6524,0.259,0.2598,0.2841,0.2803,0.8085,0.6576,0.2993,0.2888,0.2791,0.2911,0.288,0.2758,0.2611,0.2509,0.6714,0.6426,1.6693,1.2863,0.2767,0.2733,0.2748,0.2682,0.323,0.3172,0.3028,0.2736,0.2967,0.288,0.3453,0.3473,0.274,0.2927,0.6744,0.5639,0.2809,0.2819,0.2886,0.2946,0.2859,0.2748,0.3884,0.3754,0.3017,0.2746,0.3618,0.3715,0.2704,0.2762,0.3024,0.2789,0.2606,0.2614,0.2821,0.2795,0.2547,0.2464,0.2485,0.2558,0.5515,0.6704,0.362,0.3577,0.342,0.3152,0.5477,0.5466,0.2981,0.2924,0.3669,0.3278,0.2748,0.2925,0.2975,0.2864,0.2805,0.2853,0.4105,0.4386,0.2751,0.2615,0.503,0.5001,0.3736,0.3906,0.2794,0.2768,0.2597,0.2574
0:40:00,37,0.2815,0.2781,0.4608,0.4119,0.3523,0.3548,0.6391,0.6672,0.2626,0.2625,0.2869,0.2846,0.8303,0.6718,0.3026,0.2924,0.2809,0.2924,0.2922,0.2802,0.2646,0.2539,0.6844,0.6473,1.6874,1.3092,0.2792,0.2752,0.2789,0.2717,0.328,0.3216,0.3076,0.277,0.3009,0.2919,0.349,0.3507,0.2761,0.2949,0.6846,0.5702,0.2809,0.2853,0.2917,0.298,0.289,0.2781,0.3937,0.3815,0.3048,0.2778,0.3658,0.3755,0.2733,0.2795,0.3055,0.2822,0.2633,0.265,0.2848,0.284,0.256,0.2507,0.2523,0.2584,0.5619,0.6834,0.3676,0.361,0.3467,0.3202,0.5576,0.5553,0.3013,0.2969,0.3699,0.3325,0.2791,0.2972,0.3018,0.2896,0.2841,0.2881,0.4143,0.4452,0.2772,0.2643,0.5097,0.5063,0.3776,0.3943,0.2833,0.281,0.2636,0.2611
0:41:00,37,0.2837,0.2817,0.4678,0.4179,0.3548,0.3591,0.6523,0.6824,0.2662,0.2655,0.2901,0.2878,0.8453,0.6858,0.3053,0.295,0.2811,0.2967,0.2943,0.2832,0.2674,0.2574,0.6965,0.6611,1.7045,1.3303,0.2824,0.2766,0.2819,0.2735,0.3308,0.3224,0.3119,0.2808,0.3029,0.2946,0.3529,0.3541,0.2779,0.2955,0.6926,0.5786,0.2822,0.2885,0.2942,0.3013,0.293,0.2813,0.3981,0.3863,0.3083,0.2817,0.3713,0.3804,0.2751,0.2798,0.3102,0.2863,0.2674,0.2684,0.2866,0.2864,0.2579,0.2536,0.2552,0.2614,0.5715,0.6906,0.3722,0.3657,0.3502,0.3233,0.5669,0.5637,0.3053,0.2992,0.374,0.335,0.2838,0.3013,0.3063,0.2936,0.2868,0.2911,0.4191,0.4522,0.2817,0.2688,0.5176,0.5135,0.381,0.3974,0.2876,0.2847,0.2678,0.2646
0:42:00,37,0.2882,0.2853,0.4746,0.4238,0.3588,0.3636,0.666,0.6973,0.27,0.2688,0.2934,0.2904,0.8628,0.7005,0.3091,0.2981,0.283,0.305,0.2958,0.2865,0.2698,0.2598,0.7073,0.6742,1.7139,1.352,0.2857,0.2799,0.2849,0.2759,0.3353,0.3269,0.317,0.285,0.3071,0.299,0.3552,0.3571,0.2796,0.297,0.701,0.5851,0.2829,0.2914,0.2975,0.3063,0.295,0.2847,0.4041,0.3914,0.3109,0.2833,0.3747,0.3846,0.2775,0.2825,0.3137,0.2892,0.2695,0.2711,0.2899,0.2895,0.2628,0.2564,0.2585,0.2632,0.5829,0.7028,0.3759,0.3689,0.3542,0.3272,0.5757,0.5724,0.3085,0.3046,0.3776,0.3379,0.2856,0.3041,0.3114,0.3028,0.2901,0.2936,0.422,0.4576,0.2827,0.2704,0.523,0.5194,0.3842,0.3991,0.2912,0.2863,0.2705,0.2672
0:43:00,37,0.2914,0.2881,0.4812,0.4309,0.3625,0.3673,0.6803,0.7128,0.273,0.2718,0.2974,0.2944,0.8753,0.7138,0.3129,0.3004,0.2841,0.3096,0.2965,0.2897,0.2731,0.2637,0.7188,0.6878,1.7296,1.3729,0.288,0.2825,0.2881,0.2784,0.3392,0.3297,0.32,0.2881,0.3099,0.3015,0.3579,0.3594,0.2807,0.2961,0.7102,0.59,0.2848,0.2961,0.3002,0.3084,0.2988,0.2874,0.4095,0.3968,0.3144,0.2876,0.3802,0.3895,0.2818,0.2854,0.3177,0.2933,0.2736,0.2738,0.2922,0.2925,0.2653,0.2595,0.2604,0.2661,0.5925,0.7069,0.3807,0.3752,0.358,0.3306,0.5858,0.5801,0.3113,0.3062,0.382,0.3414,0.2889,0.3078,0.315,0.3091,0.2943,0.2977,0.427,0.4638,0.288,0.2731,0.5297,0.5259,0.3875,0.4037,0.2944,0.2906,0.2741,0.2712
0:44:00,37,0.294,0.2918,0.4872,0.4361,0.3659,0.3708,0.6925,0.7273,0.2762,0.2742,0.3016,0.298,0.8976,0.728,0.3164,0.3039,0.286,0.3105,0.2984,0.294,0.277,0.2664,0.7308,0.6935,1.7433,1.3939,0.2918,0.2848,0.2931,0.2819,0.3428,0.3343,0.3266,0.293,0.3142,0.3055,0.3612,0.3632,0.2839,0.2965,0.7152,0.597,0.2881,0.2992,0.3047,0.3123,0.3021,0.2909,0.4144,0.4019,0.3172,0.2902,0.3843,0.3942,0.2834,0.2874,0.3204,0.2961,0.276,0.277,0.2943,0.2959,0.2683,0.2623,0.2636,0.2691,0.6031,0.7197,0.3857,0.3795,0.3621,0.3341,0.5944,0.5894,0.3158,0.3115,0.3841,0.3441,0.293,0.3118,0.3195,0.3057,0.2971,0.3005,0.4317,0.4692,0.2887,0.2765,0.5351,0.5323,0.3907,0.4066,0.2976,0.2932,0.2777,0.2739
0:45:00,37,0.2995,0.2958,0.4948,0.4428,0.3699,0.376,0.7074,0.7422,0.281,0.2785,0.3046,0.3019,0.9057,0.7416,0.3198,0.3069,0.2892,0.3135,0.2989,0.2978,0.2805,0.2695,0.7425,0.7106,1.7552,1.4112,0.2943,0.2875,0.2959,0.2857,0.3476,0.3385,0.3305,0.296,0.3169,0.3083,0.3642,0.3662,0.287,0.2968,0.7234,0.6027,0.2922,0.3026,0.3071,0.3154,0.3058,0.2929,0.4209,0.4062,0.3213,0.2939,0.3879,0.3979,0.2866,0.2908,0.3244,0.3006,0.2793,0.2805,0.2981,0.2982,0.2715,0.2669,0.2671,0.2719,0.6122,0.728,0.3909,0.3854,0.3663,0.3383,0.6022,0.5977,0.3196,0.314,0.3884,0.3476,0.2963,0.3148,0.324,0.309,0.2998,0.303,0.4373,0.4748,0.2928,0.2789,0.5411,0.5394,0.3936,0.4091,0.3019,0.2975,0.2803,0.2767
0:46:00,37,0.3039,0.2994,0.5019,0.4481,0.3741,0.3799,0.7202,0.7568,0.2836,0.2825,0.3085,0.3051,0.9214,0.7563,0.3243,0.31,0.2939,0.3174,0.3011,0.3019,0.2834,0.2729,0.754,0.7123,1.7644,1.4314,0.2973,0.2907,0.2984,0.2885,0.3514,0.3428,0.3342,0.3,0.3202,0.3112,0.3668,0.3693,0.2891,0.2986,0.7288,0.609,0.2963,0.3056,0.3111,0.3187,0.3085,0.2973,0.4259,0.4104,0.3241,0.2969,0.3927,0.4026,0.2898,0.2936,0.3288,0.3032,0.2829,0.2843,0.3013,0.3015,0.2744,0.2698,0.2699,0.275,0.6227,0.74,0.3968,0.3898,0.3699,0.3424,0.6126,0.607,0.3233,0.3184,0.3927,0.3514,0.3004,0.3199,0.3277,0.3141,0.3023,0.3073,0.4415,0.4807,0.295,0.2825,0.5477,0.5462,0.3968,0.4126,0.3055,0.3013,0.2846,0.2802
0:47:00,37,0.3076,0.3026,0.507,0.4548,0.3772,0.3832,0.7334,0.7722,0.2876,0.2843,0.3129,0.3087,0.9342,0.7678,0.3268,0.3132,0.296,0.3205,0.3028,0.3042,0.2862,0.2766,0.7647,0.7285,1.7769,1.4527,0.2989,0.292,0.302,0.2913,0.3553,0.3468,0.34,0.3033,0.3238,0.3147,0.3702,0.3726,0.292,0.3015,0.7376,0.6145,0.3004,0.3096,0.3145,0.3222,0.3114,0.2999,0.4313,0.4154,0.3274,0.3006,0.3959,0.4067,0.2933,0.2955,0.3318,0.3063,0.2851,0.2865,0.3051,0.3057,0.2778,0.2727,0.2727,0.2768,0.6329,0.7483,0.4004,0.3943,0.3737,0.3456,0.6204,0.6175,0.3261,0.3207,0.3944,0.3534,0.3028,0.3228,0.3319,0.3177,0.3051,0.3096,0.4485,0.4862,0.2992,0.2857,0.5534,0.5512,0.401,0.4146,0.309,0.3048,0.2886,0.2835
0:48:00,37,0.3105,0.3075,0.5145,0.4595,0.3812,0.3878,0.7465,0.7867,0.2902,0.2878,0.3153,0.3112,0.9486,0.7735,0.3304,0.3162,0.298,0.3243,0.3061,0.309,0.2904,0.2794,0.7758,0.7311,1.787,1.472,0.3026,0.2971,0.3055,0.2952,0.3598,0.3507,0.3446,0.3078,0.3274,0.3179,0.3724,0.3755,0.2959,0.3062,0.7445,0.6192,0.3025,0.3128,0.3172,0.3251,0.314,0.3024,0.4369,0.4199,0.3308,0.3035,0.3999,0.4114,0.2966,0.2996,0.3364,0.3107,0.2893,0.2901,0.3074,0.3082,0.2812,0.2756,0.2763,0.2798,0.643,0.7564,0.4068,0.3975,0.3778,0.3494,0.6291,0.6236,0.3287,0.3247,0.3988,0.3583,0.3066,0.3265,0.3363,0.3217,0.3094,0.3127,0.4531,0.492,0.3021,0.2899,0.5599,0.5569,0.4032,0.4178,0.3127,0.3082,0.2918,0.2873
0:49:00,37,0.3147,0.3114,0.5202,0.465,0.3833,0.3921,0.7593,0.8015,0.2933,0.2917,0.3184,0.3147,0.9653,0.7863,0.3332,0.3188,0.3026,0.3273,0.3081,0.3109,0.2927,0.2812,0.7851,0.7466,1.7927,1.4928,0.3056,0.3,0.3091,0.2985,0.3632,0.3554,0.348,0.3126,0.3311,0.3224,0.3754,0.3795,0.3016,0.3094,0.7495,0.625,0.3068,0.3161,0.3203,0.3292,0.3177,0.3055,0.4424,0.4249,0.3329,0.3068,0.403,0.4164,0.298,0.3016,0.3394,0.3131,0.2911,0.2941,0.3104,0.3103,0.2854,0.2788,0.2793,0.283,0.6523,0.7604,0.4094,0.4021,0.3808,0.3531,0.6385,0.633,0.333,0.3294,0.4035,0.3606,0.31,0.3294,0.3404,0.3263,0.3119,0.3165,0.4568,0.4965,0.3047,0.2913,0.5641,0.561,0.4055,0.4206,0.3151,0.3123,0.2946,0.29
0:50:00,37,0.3193,0.3156,0.5253,0.4717,0.3874,0.3965,0.7731,0.8166,0.2968,0.2962,0.322,0.3187,0.9795,0.7966,0.3367,0.3216,0.3072,0.331,0.3112,0.3145,0.2965,0.2852,0.7981,0.751,1.7987,1.5166,0.3085,0.3016,0.3111,0.3032,0.367,0.3594,0.3534,0.3153,0.3344,0.3252,0.3783,0.3816,0.307,0.3135,0.7555,0.6301,0.3122,0.3202,0.3235,0.3325,0.3199,0.3073,0.448,0.4295,0.3372,0.3093,0.4068,0.4205,0.2998,0.3055,0.3435,0.3173,0.2955,0.2965,0.3131,0.3145,0.288,0.2817,0.2831,0.2862,0.665,0.7733,0.4146,0.4067,0.3857,0.3564,0.6467,0.6421,0.3355,0.3325,0.4068,0.3646,0.3139,0.3336,0.3441,0.3293,0.315,0.3178,0.4642,0.5033,0.3081,0.2955,0.5711,0.5682,0.4096,0.4241,0.3214,0.3175,0.2993,0.2938
0:51:00,37,0.322,0.3192,0.5321,0.4779,0.3917,0.4012,0.7867,0.8309,0.3014,0.2987,0.3267,0.3224,0.9931,0.8105,0.3406,0.3246,0.3131,0.3357,0.3148,0.3186,0.3,0.2886,0.8078,0.7658,1.8019,1.5342,0.3109,0.305,0.3146,0.304,0.3702,0.3622,0.3579,0.3198,0.3367,0.3279,0.3816,0.3853,0.311,0.3201,0.7611,0.6345,0.315,0.324,0.3266,0.3357,0.3237,0.3108,0.4526,0.4352,0.3403,0.3128,0.4101,0.4247,0.3021,0.3075,0.3478,0.3204,0.2993,0.2999,0.3173,0.3176,0.2927,0.2841,0.2859,0.2897,0.6665,0.7777,0.4201,0.4112,0.3897,0.36,0.6553,0.6481,0.3396,0.3365,0.4089,0.3674,0.3176,0.338,0.3488,0.3334,0.3171,0.3225,0.4706,0.5087,0.3107,0.2973,0.5764,0.5737,0.4118,0.4269,0.3237,0.3199,0.3027,0.2959
0:52:00,37,0.3249,0.3238,0.5377,0.4823,0.3945,0.404,0.7983,0.8453,0.3042,0.3012,0.3296,0.325,1.0072,0.8242,0.3439,0.327,0.3192,0.3401,0.318,0.3215,0.3026,0.2916,0.8174,0.7672,1.804,1.5584,0.3134,0.3076,0.3179,0.3081,0.3748,0.3638,0.3617,0.3238,0.3408,0.3306,0.3849,0.3884,0.3175,0.3237,0.7698,0.6401,0.3188,0.3268,0.3299,0.3385,0.3264,0.3132,0.4582,0.4393,0.3437,0.3165,0.4134,0.4296,0.3052,0.3108,0.3508,0.3236,0.3012,0.3022,0.3204,0.3206,0.2948,0.2875,0.2885,0.2922,0.6746,0.7896,0.4235,0.4148,0.3942,0.364,0.6638,0.6552,0.3415,0.3401,0.4138,0.3711,0.3207,0.3421,0.353,0.3371,0.3196,0.3245,0.4742,0.5138,0.3131,0.3,0.5817,0.5782,0.4158,0.4293,0.3274,0.3234,0.3052,0.2989
0:53:00,37,0.3278,0.3266,0.5438,0.488,0.398,0.4084,0.8115,0.8599,0.3062,0.3051,0.3317,0.33,1.0202,0.8362,0.3481,0.3297,0.3249,0.3448,0.3216,0.3253,0.3054,0.2937,0.8266,0.7914,1.8121,1.599,0.3174,0.3108,0.3205,0.3116,0.3789,0.3688,0.3673,0.327,0.3432,0.3329,0.3884,0.3924,0.3196,0.3269,0.7748,0.6447,0.3212,0.3303,0.3331,0.3415,0.3289,0.3166,0.4633,0.4441,0.3465,0.3185,0.4166,0.4336,0.3081,0.3135,0.3542,0.3272,0.3039,0.306,0.3225,0.3228,0.2987,0.2899,0.2915,0.2957,0.6837,0.7926,0.4282,0.42,0.397,0.3669,0.6729,0.6622,0.3458,0.3438,0.416,0.3736,0.324,0.3454,0.3568,0.3411,0.324,0.3266,0.4809,0.5194,0.3168,0.3034,0.5866,0.5829,0.4189,0.4323,0.3308,0.3271,0.3081,0.3028
0:54:00,37,0.3331,0.3305,0.5506,0.4933,0.4025,0.4124,0.8253,0.8731,0.3103,0.3078,0.3364,0.3325,1.0335,0.848,0.3509,0.3329,0.3279,0.3492,0.3255,0.3289,0.3089,0.2972,0.8364,0.7888,1.817,1.5949,0.32,0.3145,0.3239,0.3147,0.3828,0.3722,0.372,0.3315,0.3471,0.3365,0.3912,0.3956,0.3214,0.3283,0.7793,0.6503,0.3254,0.3328,0.3361,0.3451,0.3325,0.3204,0.4685,0.4494,0.3506,0.3219,0.4198,0.4381,0.3116,0.3165,0.3583,0.3307,0.3074,0.3091,0.3266,0.3265,0.3016,0.293,0.2952,0.2993,0.6919,0.8038,0.4318,0.4225,0.4,0.37,0.6806,0.6682,0.348,0.3464,0.4206,0.3773,0.3274,0.3476,0.3612,0.3463,0.3266,0.3295,0.4861,0.524,0.3198,0.3065,0.5919,0.5891,0.4218,0.4345,0.3351,0.33,0.3118,0.306
0:55:00,37,0.336,0.3339,0.5556,0.4991,0.4065,0.4168,0.8372,0.8877,0.3147,0.3127,0.3396,0.3361,1.0467,0.8609,0.3534,0.3365,0.3308,0.3521,0.3283,0.3325,0.3121,0.2999,0.8462,0.799,1.8175,1.6162,0.3223,0.3179,0.3273,0.3174,0.3861,0.3751,0.3776,0.3349,0.3495,0.3391,0.3941,0.3987,0.324,0.332,0.785,0.6535,0.3279,0.3367,0.3391,0.3485,0.3348,0.3232,0.4745,0.4534,0.3535,0.3249,0.4229,0.4413,0.3152,0.3203,0.3629,0.3338,0.3116,0.3121,0.3294,0.3304,0.3059,0.2965,0.2985,0.3021,0.7007,0.8112,0.439,0.4272,0.4045,0.3739,0.6885,0.674,0.351,0.3495,0.422,0.38,0.33,0.3512,0.3642,0.3503,0.3291,0.3334,0.4919,0.5289,0.3219,0.3089,0.5973,0.5936,0.4238,0.4374,0.3377,0.3332,0.3139,0.3079
0:56:00,37,0.3389,0.3369,0.5611,0.5038,0.4099,0.4213,0.8503,0.9013,0.3172,0.3141,0.3424,0.3387,1.0602,0.8746,0.3568,0.3401,0.3342,0.356,0.332,0.3356,0.3151,0.3041,0.8558,0.8186,1.8203,1.616,0.3263,0.3205,0.3296,0.3201,0.3902,0.3795,0.3819,0.3382,0.3537,0.3425,0.397,0.4011,0.3281,0.3352,0.7914,0.6595,0.3328,0.3399,0.3426,0.3523,0.3386,0.3257,0.4787,0.4576,0.3572,0.3281,0.4258,0.4454,0.3174,0.3234,0.3666,0.3376,0.3141,0.3155,0.3317,0.3339,0.3083,0.2989,0.3013,0.3045,0.7093,0.8203,0.4428,0.4327,0.4084,0.377,0.6965,0.6814,0.3543,0.3541,0.4265,0.3829,0.3342,0.3553,0.3685,0.3543,0.3338,0.3359,0.4987,0.534,0.325,0.3137,0.6027,0.5988,0.4267,0.4406,0.3408,0.3367,0.3181,0.3111
0:57:00,37,0.3434,0.3409,0.5685,0.5095,0.4138,0.4249,0.8643,0.9159,0.3224,0.3168,0.3466,0.3426,1.0714,0.8866,0.3605,0.3419,0.3378,0.359,0.3355,0.3386,0.3177,0.3061,0.8669,0.813,1.8265,1.6207,0.3292,0.3232,0.3333,0.324,0.3935,0.3824,0.3861,0.343,0.3569,0.3455,0.3996,0.4052,0.3312,0.3389,0.797,0.6646,0.3354,0.3432,0.3462,0.3546,0.3414,0.3295,0.4843,0.4633,0.3599,0.3311,0.429,0.4492,0.3203,0.3267,0.3697,0.3408,0.3163,0.3185,0.3351,0.3362,0.3124,0.3024,0.3043,0.3082,0.7158,0.8251,0.4485,0.4356,0.4118,0.3806,0.7044,0.6873,0.3577,0.3562,0.4279,0.3852,0.3368,0.3593,0.3725,0.3575,0.3355,0.3385,0.5032,0.5398,0.3282,0.3158,0.607,0.6037,0.4297,0.4441,0.3446,0.3402,0.3213,0.3163
0:58:00,37,0.3467,0.3447,0.5738,0.5145,0.4178,0.4288,0.8755,0.9296,0.3244,0.3219,0.3495,0.3448,1.0852,0.8984,0.3644,0.3453,0.3399,0.3621,0.3375,0.3416,0.3216,0.3085,0.8771,0.8221,1.8275,1.6326,0.3335,0.3269,0.3369,0.3267,0.3977,0.387,0.3913,0.3474,0.3598,0.3496,0.403,0.4086,0.3338,0.3418,0.8017,0.6695,0.3396,0.3467,0.3489,0.3576,0.3442,0.3321,0.4886,0.467,0.3633,0.3342,0.432,0.4528,0.3231,0.3301,0.3739,0.3439,0.3204,0.3217,0.3383,0.3391,0.3144,0.3053,0.3075,0.3108,0.7244,0.8343,0.4533,0.439,0.4156,0.3845,0.7119,0.694,0.3616,0.3601,0.432,0.3896,0.3403,0.3595,0.3765,0.3612,0.3379,0.3404,0.5093,0.5452,0.3308,0.3187,0.6119,0.6096,0.433,0.446,0.3476,0.3436,0.3239,0.3188
0:59:00,37,0.3502,0.3474,0.5803,0.5194,0.4212,0.4324,0.8893,0.9434,0.3271,0.3253,0.3532,0.3481,1.0958,0.911,0.3673,0.348,0.3432,0.3647,0.3424,0.3461,0.3237,0.3115,0.8869,0.8436,1.8311,1.6457,0.3355,0.3292,0.3397,0.3302,0.4007,0.3888,0.3951,0.3508,0.3628,0.3524,0.4058,0.4118,0.3378,0.3447,0.8073,0.6736,0.3429,0.3488,0.3519,0.3618,0.3476,0.3344,0.4938,0.4724,0.367,0.3376,0.4351,0.4574,0.3276,0.333,0.3761,0.3477,0.3232,0.3253,0.341,0.3434,0.3192,0.3084,0.3108,0.3149,0.7315,0.8386,0.457,0.4449,0.4195,0.3876,0.7204,0.7024,0.3653,0.3648,0.4345,0.3924,0.3437,0.3649,0.3801,0.366,0.3409,0.3443,0.5134,0.5489,0.3335,0.3216,0.6168,0.6148,0.4357,0.4485,0.3514,0.3477,0.3268,0.3219
1:00:00,37,0.3533,0.3512,0.5861,0.5252,0.4255,0.4366,0.9009,0.9558,0.3302,0.327,0.3555,0.3523,1.1087,0.9235,0.3705,0.3513,0.3479,0.3688,0.3452,0.3493,0.3277,0.315,0.8972,0.8414,1.8333,1.6517,0.3397,0.3325,0.3428,0.3319,0.4051,0.3935,0.4002,0.3553,0.3664,0.3561,0.4089,0.4151,0.3414,0.3484,0.8123,0.6771,0.3463,0.3523,0.3551,0.3634,0.3504,0.3378,0.498,0.4762,0.3699,0.3406,0.4377,0.4592,0.3295,0.3356,0.38,0.3506,0.3261,0.3282,0.3444,0.3454,0.3213,0.3098,0.3134,0.3171,0.7392,0.8487,0.4611,0.4491,0.4226,0.3909,0.7278,0.7071,0.3675,0.3671,0.4383,0.3957,0.3474,0.3674,0.385,0.369,0.3448,0.3471,0.5199,0.5553,0.336,0.3251,0.6216,0.6185,0.4391,0.4529,0.3552,0.3507,0.3298,0.3255
